מפקד האוכלוסין 2008,,חזרה להסברים על הקובץ,,,,,,,,,,,,,,,,,,,,,,,,,,,,,,,,,,,,,,,,,,,,,,,,,,,,,,,,,,,,,,,,,,,,,,,,,,,,,,,,,,,,,,,,,,,,,,,,,,,,,,,,,,,,,,,,,,,,,,,,,,,,,,,,,,,,,,,,,,,,,,,,,,,,,,,,,,,,,,,,,,,,,,,,,,,,,,,,,,,,,,,,,,,,,,,,,,,,,,,,,,,,,,,,,,,,,,,,,,,,,,,,,,,,,,,,,,,,,,,
הלשכה המרכזית לסטטיסטיקה,,חזרה לאינדקס משתנים,,,,,,,,,,,,,,,,,,,,,,,,,,,,,,,,,,,,,,,,,,,,,,,,,,,,,,,,,,,,,,,,,,,,,,,,,,,,,,,,,,,,,,,,,,,,,,,,,,,,,,,,,,,,,,,,,,,,,,,,,,,,,,,,,,,,,,,,,,,,,,,,,,,,,,,,,,,,,,,,,,,,,,,,,,,,,,,,,,,,,,,,,,,,,,,,,,,,,,,,,,,,,,,,,,,,,,,,,,,,,,,,,,,,,,,,,,,,,,,
,,המשתנים החברתיים-הכלכליים  ,,,,,,,,,,,,,,,,,,,,,,,,,,,,,,,,,,,,,,,,,,,,,,,,,,,,,,,,,,,,,,,,,,,,,,,,,,,,,,,,,,,,,,,,,,,,,,,,,,,,,,,,,,,,,,,,,,,,,,,,,,,,,,,,,,,,,,,,,,,,,,,,,,,,,,,,,,,,,,,,,,,,,,,,,,,,,,,,,,,,,,,,,,,,,,,,,,,,,,,,,,,,,,,,,,,,,,,,,,,,,,,,,,,,,,,,,,,,,,,
סמל יישוב,"יישובים המונים 100,000 תושבים ויותר",בני 15 ומעלה – סך הכל  (אלפים),גברים בני 15 ומעלה – סך הכל (אלפים) ,נשים בנות 15 ומעלה – סך הכל (אלפים) ,בני 5 ומעלה – סך הכל (אלפים) **,אחוז זכרים בני 5 ומעלה **,אחוז נקבות בנות 5 ומעלה **,בני 65+ – סך הכל (אלפים) **,גיל נישואין חציוני,גיל נישואין חציוני – גברים,גיל נישואין חציוני – נשים,מספר ילדים ממוצע לאישה ,מספר ילדים ממוצע לאישה יהודייה,מספר ילדים ממוצע לאישה מוסלמית,מספר ילדים ממוצע לאישה נוצרייה,מספר ילדים ממוצע לאישה דרוזית,מספר ילדים ממוצע לאישה מדת אחרת,"אחוז בני 15 ומעלה שהתגוררו לפני 5 שנים ביישוב זה, באותו אזור סטטיסטי ","אחוז בני 15 ומעלה שהתגוררו לפני 5 שנים ביישוב זה, באזור סטטיסטי אחר","אחוז בני 15 ומעלה שהתגוררו לפני 5 שנים ביישוב זה, באזור סטטיסטי לא ידוע",אחוז בני 15 ומעלה שהתגוררו לפני 5 שנים ביישוב אחר,אחוז בני 5 ומעלה המתקשים מאוד או אינם יכולים לשמוע,אחוז בני 5 ומעלה המתקשים מאוד או אינם יכולים לראות,אחוז בני 5 ומעלה המתקשים מאוד או אינם יכולים לזכור או להתרכז,אחוז בני 5 ומעלה המתקשים מאוד או אינם יכולים להתלבש או להתרחץ,אחוז בני 5 ומעלה המתקשים מאוד או אינם יכולים ללכת בתוך הבית או לעלות ולרדת במדרגות,אחוז זכרים בני 5 ומעלה המתקשים מאוד או אינם יכולים לשמוע **,אחוז זכרים בני 5 ומעלה המתקשים מאוד או אינם יכולים  לראות **,אחוז זכרים בני 5 ומעלה המתקשים מאוד או אינם יכולים לזכור או להתרכז **,אחוז זכרים בני 5 ומעלה המתקשים מאוד או אינם יכולים להתלבש או להתרחץ **,אחוז זכרים בני 5 ומעלה המתקשים מאוד או אינם יכולים ללכת בתוך הבית או לעלות ולרדת במדרגות **,אחוז נקבות בנות 5 ומעלה המתקשות מאוד או אינן יכולות לשמוע **,אחוז נקבות  בנות 5 ומעלה המתקשות מאוד או אינן יכולות לראות **,אחוז נקבות בנות 5 ומעלה המתקשות מאוד או אינן יכולות לזכור או להתרכז **,אחוז נקבות בנות 5 ומעלה המתקשות מאוד או אינן יכולות להתלבש או להתרחץ **,אחוז נקבות בנות 5 ומעלה המתקשות מאוד או אינן יכולות ללכת בתוך הבית או לעלות ולרדת במדרגות **,אחוז בני 65+ המתקשים מאוד או אינם יכולים לשמוע,אחוז בני 65+ המתקשים מאוד או אינם יכולים לראות,אחוז בני 65+ המתקשים מאוד או אינם יכולים לזכור או להתרכז,אחוז בני 65+ המתקשים מאוד או אינם יכולים להתלבש או להתרחץ,אחוז בני 65+ המתקשים מאוד או אינם יכולים ללכת בתוך הבית או לעלות ולרדת במדרגות,אחוז בני 15 ומעלה שלמדו עד 8 שנות לימוד,אחוז בני 15 ומעלה שלמדו 12-9 שנות לימוד,אחוז בני 15 ומעלה שלמדו 15-13 שנות לימוד,אחוז בני 15 ומעלה שלמדו 16 ומעלה שנות לימוד,אחוז גברים בני 15 ומעלה שלמדו עד 8 שנות לימוד,אחוז גברים בני 15 ומעלה שלמדו 12-9 שנות לימוד,אחוז גברים בני 15 ומעלה שלמדו 15-13 שנות לימוד,אחוז גברים בני 15 ומעלה שלמדו 16 ומעלה שנות לימוד,אחוז נשים בנות 15 ומעלה שלמדו עד 8 שנות לימוד,אחוז נשים בנות 15 ומעלה שלמדו 12-9 שנות לימוד,אחוז נשים בנות 15 ומעלה שלמדו 15-13 שנות לימוד,אחוז נשים בנות 15 ומעלה שלמדו 16 ומעלה שנות לימוד,אחוז גברים יהודים בני 15 ומעלה שלמדו בישיבה,"אחוז בני 15 ומעלה בעלי תעודת סיום של בי""ס תיכון (לא בגרות)",אחוז בני 15 ומעלה בעלי תעודת בגרות,"אחוז בני 15 ומעלה בעלי תעודת סיום של בי""ס על-תיכוני",אחוז בני 15 ומעלה בעלי תואר אקדמי ראשון,אחוז בני 15 ומעלה בעלי תואר אקדמי שני ומעלה,אחוז בני 15 ומעלה בעלי תעודות אחרות,"אחוז גברים בני 15 ומעלה בעלי תעודת סיום של בי""ס תיכון (לא בגרות)  **",אחוז גברים בני 15 ומעלה בעלי תעודת בגרות,"אחוז גברים בני 15 ומעלה בעלי תעודת סיום של בי""ס על-תיכוני **",אחוז גברים בני 15 ומעלה בעלי תואר אקדמי ראשון **,אחוז גברים בני 15 ומעלה בעלי תואר אקדמי שני ומעלה **,אחוז  גברים בני 15 ומעלה בעלי תעודות אחרות,"אחוז נשים בנות 15 ומעלה בעלות תעודת סיום של בי""ס תיכון (לא בגרות) **",אחוז נשים בנות 15 ומעלה בעלות תעודת בגרות,"אחוז נשים בנות 15 ומעלה בעלות תעודת סיום של בי""ס על-תיכוני **",אחוז נשים בנות 15 ומעלה בעלות תואר אקדמי ראשון **,אחוז נשים בנות 15 ומעלה בעלות תואר אקדמי שני ומעלה **,אחוז נשים בנות 15 ומעלה בעלות תעודות אחרות,בני 15 ומעלה בכוח העבודה האזרחי השנתי (אלפים),בני 15 ומעלה שאינם בכוח העבודה האזרחי השנתי (אלפים),גברים בני 15 ומעלה בכוח העבודה האזרחי השנתי – סך הכל (אלפים),גברים בני 15 ומעלה שאינם בכוח העבודה האזרחי השנתי – סך הכל (אלפים),נשים בנות 15 ומעלה בכוח העבודה האזרחי השנתי – סך הכל (אלפים),נשים בנות 15 ומעלה שאינן בכוח העבודה האזרחי השנתי – סך הכל (אלפים),אחוז בני 15 ומעלה בכוח העבודה האזרחי השנתי,אחוז בני 15 ומעלה שאינם בכוח העבודה האזרחי השנתי,אחוז גברים בני 15 ומעלה בכוח העבודה האזרחי השנתי,אחוז גברים בני 15 ומעלה שאינם בכוח העבודה האזרחי השנתי,אחוז נשים בנות 15 ומעלה בכוח העבודה האזרחי השנתי,אחוז נשים בנות 15 ומעלה שאינן בכוח העבודה האזרחי השנתי,אחוז בני 15 ומעלה שעבדו בשנת 2008 ,אחוז בני 15 ומעלה שלא עבדו בשנת 2008,אחוז גברים בני 15 ומעלה שעבדו בשנת 2008,אחוז גברים בני 15 ומעלה שלא עבדו בשנת 2008,אחוז נשים בנות 15 ומעלה שעבדו בשנת 2008,אחוז נשים בנות 15 ומעלה שלא עבדו בשנת 2008,אחוז בני 17-15 שעבדו בשנת 2008,"אחוז בני 15 ומעלה שעבדו בשנת 2008 והם ""שכירים"" ","אחוז בני 15 ומעלה שעבדו בשנת 2008 והם ""עצמאים"" ",אחוז בני 15 ומעלה שעבדו בשנת 2008 והם בעלי מעמד אחר במקום העבודה,"אחוז גברים בני 15 ומעלה שעבדו בשנת 2008 והם ""שכירים""","אחוז גברים בני 15 ומעלה שעבדו בשנת 2008 והם ""עצמאים"" ",אחוז גברים בני 15 ומעלה שעבדו בשנת 2008 והם בעלי מעמד אחר במקום העבודה,"אחוז נשים בנות 15 ומעלה שעבדו בשנת 2008 והן ""שכירות"" ","אחוז נשים בנות 15 ומעלה שעבדו בשנת 2008 והן ""עצמאיות"" ",אחוז נשים בנות 15 ומעלה שעבדו בשנת 2008 והן בעלות מעמד אחר במקום העבודה,ממוצע שעות עבודה בשבוע,ממוצע שעות עבודה בשבוע – גברים,ממוצע שעות עבודה בשבוע – נשים,אחוז בני 15 ומעלה שעבדו בשנת 2008 מחוץ ליישוב המגורים,אחוז בני 15 ומעלה שבשבוע הקובע השתמשו באמצעי הגעה אחד למקום העבודה,אחוז בני 15 ומעלה שבשבוע הקובע השתמשו ביותר מאמצעי הגעה אחד למקום העבודה,אחוז גברים בני 15 ומעלה שבשבוע הקובע השתמשו באמצעי הגעה אחד למקום העבודה,אחוז גברים בני 15 ומעלה שבשבוע הקובע השתמשו ביותר מאמצעי הגעה אחד למקום העבודה,אחוז נשים בנות 15 ומעלה שבשבוע הקובע השתמשו באמצעי הגעה אחד למקום העבודה,אחוז נשים בנות 15 ומעלה שבשבוע הקובע השתמשו ביותר מאמצעי הגעה אחד למקום העבודה,אחוז בני 15 ומעלה שבשבוע הקובע השתמשו במכונית פרטית או מסחרית (כנהגים) כאמצעי הגעה עיקרי למקום העבודה ,אחוז בני 15 ומעלה שבשבוע הקובע השתמשו במכונית פרטית או מסחרית (כנוסעים) כאמצעי הגעה עיקרי למקום העבודה,אחוז בני 15 ומעלה שבשבוע הקובע השתמשו באוטובוס ציבורי כאמצעי הגעה עיקרי למקום העבודה,אחוז בני 15 ומעלה שבשבוע הקובע השתמשו בהסעה מאורגנת על-ידי מקום העבודה כאמצעי הגעה עיקרי למקום העבודה,אחוז בני 15 ומעלה שבשבוע הקובע השתמשו ברכבת כאמצעי הגעה עיקרי למקום העבודה,אחוז בני 15 ומעלה שבשבוע הקובע השתמשו במונית שירות כאמצעי הגעה עיקרי למקום העבודה ,אחוז בני 15 ומעלה שבשבוע הקובע השתמשו במונית ספיישל כאמצעי הגעה עיקרי למקום העבודה,אחוז בני 15 ומעלה שבשבוע הקובע השתמשו בכלי רכב דו-גלגלי מנועי כאמצעי הגעה עיקרי למקום העבודה,אחוז בני 15 ומעלה שבשבוע הקובע השתמשו באופניים כאמצעי הגעה עיקרי למקום העבודה,אחוז בני 15 ומעלה שבשבוע הקובע הלכו ברגל כאמצעי הגעה עיקרי למקום העבודה ,אחוז בני 15 ומעלה שעבדו שבשבוע הקובע השתמשו בכלי רכב אחר כאמצעי הגעה עיקרי למקום העבודה,אחוז בני 15 ומעלה שעבדו בשנת 2008  בעלי משלח יד אקדמי,אחוז בני 15 ומעלה שעבדו בשנת 2008 בעלי מקצועות חופשיים וטכניים,"אחוז בני 15 ומעלה שעבדו בשנת 2008 בעלי משלח יד ""מנהלים""","אחוז בני 15 ומעלה שעבדו בשנת 2008 בעלי משלח יד ""עובדי פקידות""","אחוז בני 15 ומעלה שעבדו בשנת 2008 בעלי משלח יד ""סוכנים, עובדי מכירות ועובדי שירותים""","אחוז בני 15 ומעלה שעבדו בשנת 2008 בעלי משלח יד ""עובדים מקצועיים בחקלאות""","אחוז בני 15 ומעלה שעבדו בשנת 2008 בעלי משלח יד ""עובדים מקצועיים בתעשייה, בבינוי ועובדים מקצועיים אחרים""","אחוז בני 15 ומעלה שעבדו בשנת 2008 בעלי משלח יד ""עובדים בלתי-מקצועיים""","אחוז בני 15 ומעלה שעבדו בשנת 2008 בעלי משלח יד ""לא ידוע"" ",אחוז גברים בני 15 ומעלה שעבדו בשנת 2008 בעלי משלח יד אקדמי,אחוז גברים בני 15 ומעלה שעבדו בשנת 2008 בעלי מקצועות חופשיים וטכניים,"אחוז גברים בני 15 ומעלה שעבדו בשנת 2008 בעלי משלח יד ""מנהלים""","אחוז גברים בני 15 ומעלה שעבדו בשנת 2008 בעלי משלח יד ""עובדי פקידות""","אחוז גברים בני 15 ומעלה שעבדו בשנת 2008 בעלי משלח יד ""סוכנים, עובדי מכירות ועובדי שירותים""","אחוז גברים בני 15 ומעלה שעבדו בשנת 2008 בעלי משלח יד ""עובדים מקצועיים בחקלאות""","אחוז גברים בני 15 ומעלה שעבדו בשנת 2008 בעלי משלח יד ""עובדים מקצועיים בתעשייה, בבינוי ועובדים מקצועיים אחרים""","אחוז גברים בני 15 ומעלה שעבדו בשנת 2008 בעלי משלח יד ""עובדים בלתי-מקצועיים""","אחוז גברים בני 15 ומעלה שעבדו בשנת 2008 בעלי משלח יד ""לא ידוע"" ",אחוז נשים בנות 15 ומעלה שעבדו בשנת 2008 בעלות משלח יד אקדמי,אחוז נשים בנות 15 ומעלה שעבדו בשנת 2008 בעלות מקצועות חופשיים וטכניים,"אחוז נשים בנות 15 ומעלה שעבדו בשנת 2008 בעלות משלח יד ""מנהלים""","אחוז נשים בנות 15 ומעלה שעבדו בשנת 2008 בעלות משלח יד ""עובדי פקידות""","אחוז נשים בנות 15 ומעלה שעבדו בשנת 2008 בעלות משלח יד ""סוכנים, עובדי מכירות ועובדי שירותים""","אחוז נשים בנות 15 ומעלה שעבדו בשנת 2008 בעלות משלח יד ""עובדים מקצועיים בחקלאות""","אחוז נשים בנות 15 ומעלה שעבדו בשנת 2008 בעלות משלח יד ""עובדים מקצועיים בתעשייה, בבינוי ועובדים מקצועיים אחרים""","אחוז נשים בנות 15 ומעלה שעבדו בשנת 2008 בעלות משלח יד ""עובדים בלתי-מקצועיים""","אחוז נשים בנות 15 ומעלה שעבדו בשנת 2008 בעלות משלח יד ""לא ידוע"" ","אחוז בני 15 ומעלה שעבדו בשנת 2008 בענף ""חקלאות""","אחוז בני 15 ומעלה שעבדו בשנת 2008 בענף ""תעשייה (כרייה וחרושת)""","אחוז בני 15 ומעלה שעבדו בשנת 2008 בענף ""חשמל ומים""","אחוז בני 15 ומעלה שעבדו בשנת 2008 בענף ""בינוי (בנייה ועבודות הנדסה אזרחית)""","אחוז  בני 15 ומעלה שעבדו בשנת 2008 בענף ""מסחר סיטוני וקמעוני, תיקון כלי רכב מנועיים, אופנועים, קטנועים וטובין לשימוש אישי וביתי""","אחוז בני 15 ומעלה שעבדו בשנת 2008 בענף ""שירותי אירוח ואוכל""","אחוז בני 15 ומעלה שעבדו בשנת 2008 בענף ""תחבורה, אחסנה ותקשורת""","אחוז בני 15 ומעלה שעבדו בשנת 2008 בענף ""בנקאות, ביטוח ומוסדות פיננסיים אחרים""","אחוז בני 15 ומעלה שעבדו בשנת 2008 בענף ""נכסי דלא ניידי, פעילויות השכרה ושירותים עסקיים""","אחוז בני 15 ומעלה שעבדו בשנת 2008 בענף ""מינהל ציבורי""","אחוז בני 15 ומעלה שעבדו בשנת 2008 בענף ""חינוך""","אחוז בני 15 ומעלה שעבדו בשנת 2008 בענף ""שירותי בריאות ושירותי רווחה וסעד""","אחוז בני 15 ומעלה שעבדו בשנת 2008 בענף ""שירותים קהילתיים, חברתיים, אישיים ואחרים""","אחוז בני 15 ומעלה שעבדו בשנת 2008 בענף ""שירותים למשק הבית על-ידי פרטיים""","אחוז בני 15 ומעלה שעבדו בשנת 2008 בענף ""ארגונים וגופים חוץ מדינתיים""","אחוז בני 15 ומעלה שעבדו בשנת 2008 בענף ""לא ידוע""","אחוז גברים בני 15 ומעלה שעבדו בשנת 2008 בענף ""חקלאות""","אחוז גברים בני 15 ומעלה שעבדו בשנת 2008 בענף ""תעשייה (כרייה וחרושת)""","אחוז גברים בני 15 ומעלה שעבדו בשנת 2008 בענף ""חשמל ומים""","אחוז גברים בני 15 ומעלה שעבדו בשנת 2008 בענף ""בינוי (בנייה ועבודות הנדסה אזרחית)""","אחוז גברים בני 15 ומעלה שעבדו בשנת 2008 בענף ""מסחר סיטוני וקמעוני, תיקון כלי רכב מנועיים, אופנועים, קטנועים וטובין לשימוש אישי וביתי""","אחוז גברים בני 15 ומעלה שעבדו בשנת 2008 בענף ""שירותי אירוח ואוכל""","אחוז גברים בני 15 ומעלה שעבדו בשנת 2008 בענף ""תחבורה, אחסנה ותקשורת""","אחוז גברים בני 15 ומעלה שעבדו בשנת 2008 בענף ""בנקאות, ביטוח ומוסדות פיננסיים אחרים""","אחוז גברים בני 15 ומעלה שעבדו בשנת 2008 בענף ""נכסי דלא ניידי, פעילויות השכרה ושירותים עסקיים""","אחוז גברים בני 15 ומעלה שעבדו בשנת 2008 בענף ""מינהל ציבורי""","אחוז גברים בני 15 ומעלה שעבדו בשנת 2008 בענף ""חינוך""","אחוז גברים בני 15 ומעלה שעבדו בשנת 2008 בענף ""שירותי בריאות ושירותי רווחה וסעד""","אחוז גברים בני 15 ומעלה שעבדו בשנת 2008 בענף ""שירותים קהילתיים, חברתיים, אישיים ואחרים""","אחוז גברים בני 15 ומעלה שעבדו בשנת 2008 בענף ""שירותים למשק הבית על-ידי פרטיים""","אחוז גברים בני 15 ומעלה שעבדו בשנת 2008 בענף ""ארגונים וגופים חוץ מדינתיים""","אחוז גברים בני 15 ומעלה שעבדו בשנת 2008 בענף ""לא ידוע""","אחוז נשים בנות 15 ומעלה שעבדו בשנת 2008 בענף ""חקלאות""","אחוז נשים בנות 15 ומעלה שעבדו בשנת 2008 בענף ""תעשייה (כרייה וחרושת)""","אחוז נשים בנות 15 ומעלה שעבדו בשנת 2008  בענף ""חשמל ומים""","אחוז נשים בנות 15 ומעלה שעבדו בשנת 2008 בענף ""בינוי (בנייה ועבודות הנדסה אזרחית)""","אחוז נשים בנות 15 ומעלה שעבדו בשנת 2008 בענף ""מסחר סיטוני וקמעוני, תיקון כלי רכב מנועיים, אופנועים, קטנועים וטובין לשימוש אישי וביתי""","אחוז נשים בנות 15 ומעלה שעבדו בשנת 2008 בענף ""שירותי אירוח ואוכל""","אחוז נשים בנות 15 ומעלה שעבדו בשנת 2008 בענף ""תחבורה, אחסנה ותקשורת""","אחוז נשים בנות 15 ומעלה שעבדו בשנת 2008 בענף ""בנקאות, ביטוח ומוסדות פיננסיים אחרים""","אחוז נשים בנות 15 ומעלה שעבדו בשנת 2008 בענף ""נכסי דלא ניידי, פעילויות השכרה ושירותים עסקיים""","אחוז נשים בנות 15 ומעלה שעבדו בשנת 2008 בענף ""מינהל ציבורי""","אחוז נשים בנות 15 ומעלה שעבדו בשנת 2008 בענף ""חינוך""","אחוז נשים בנות 15 ומעלה שעבדו בשנת 2008 בענף ""שירותי בריאות ושירותי רווחה וסעד""","אחוז נשים בנות 15 ומעלה שעבדו בשנת 2008 בענף ""שירותים קהילתיים, חברתיים, אישיים ואחרים""","אחוז נשים בנות 15 ומעלה שעבדו בשנת 2008 בענף ""שירותים למשק הבית על-ידי פרטיים""","אחוז נשים בנות 15 ומעלה שעבדו בשנת 2008 בענף ""ארגונים וגופים חוץ מדינתיים""","אחוז נשים בנות 15 ומעלה שעבדו בשנת 2008 בענף ""לא ידוע""",משקי בית – סך הכל (אלפים),אחוז משקי בית עם ילדים עד גיל 17,אחוז משקי בית עם בני 65+,ממוצע נפשות למשק בית,אחוז משקי בית עם נפש אחת במשק הבית,אחוז משקי בית עם 2 נפשות במשק הבית,אחוז משקי בית עם 3 נפשות במשק הבית,אחוז משקי בית עם 4 נפשות במשק הבית,אחוז משקי בית עם 5 נפשות במשק הבית,אחוז משקי בית עם 6 נפשות במשק הבית,אחוז משקי בית עם 7+ נפשות במשק הבית,אחוז משקי בית עם ילד אחד עד גיל 17 במשק הבית,אחוז משקי בית עם 2 ילדים עד גיל 17 במשק הבית,אחוז משקי בית עם 3 ילדים עד גיל 17 במשק הבית,אחוז משקי בית עם 4 ילדים עד גיל 17 במשק הבית,אחוז משקי בית עם 5+ ילדים עד גיל 17 במשק הבית,משקי בית משפחתיים (אלפים),משקי בית שבהם הורה יחיד בלבד (אלפים),משקי בית לא-משפחתיים (אלפים),אחוז משקי בית שלשימושם מחשב אישי,אחוז משקי בית שמנויים לאינטרנט,אחוז משקי בית שלשימושם מכונית אחת לפחות,אחוז משקי בית שלשימושם שתי מכוניות ויותר,ממוצע טלפונים ניידים למשק בית,אחוז משקי בית שגרים בדירות בבעלות,אחוז משקי בית שגרים בדירות בשכירות,אחוז משקי בית שגרים בדירות בהסדר אחר,אחוז משקי בית עם חדר אחד בדירה,אחוז משקי בית עם 2 חדרים בדירה,אחוז משקי בית עם 3 חדרים בדירה,אחוז משקי בית עם 4 חדרים בדירה,אחוז משקי בית עם 5 חדרים בדירה,אחוז משקי בית עם 6 חדרים בדירה,אחוז משקי בית עם 7 חדרים בדירה,אחוז משקי בית עם 8+ חדרים בדירה,צפיפות דיור ממוצעת למשק בית,אחוז משקי בית הגרים בצפיפות דיור של 2 נפשות לחדר או יותר ,אחוז משקי בית הגרים בצפיפות דיור של נפש אחת לחדר או פחות ,אחוז בני 65 ומעלה ,אחוז הגברים בני 65+  מתוך סך כל הגברים,אחוז הנשים בנות 65+ מתוך סך כל הנשים,אחוז משקי בית של בני 65+ שהינם משק בית של נפש אחת,אחוז בני 65+ המתגוררים במוסדות ,אחוז בני 65+ שלמדו 13 שנות לימוד ויותר,אחוז בני 65+ שעבדו בשנת 2008
LocalityCode,LocNameHeb,age15sef_thou,m_age15sef_thou,w_age15sef_thou,age5sef_thou,m_age5sef_pcnt,w_age5sef_pcnt,age65sef_thou,MarriageAge_mdn,m_MarriageAge_mdn,w_MarriageAge_mdn,ChldBorn_avg,ChldBornJew_avg,ChldBornMosl_avg,ChldBornChris_avg,ChldBornDruze_avg,ChldBornOther_avg,FiveYrsSameSA_pcnt,FiveYrsDifSA_pcnt,FiveYrsUnknSA_pcnt,FiveYrsDifLoc_pcnt,hear5_pcnt,see5_pcnt,remember5_pcnt,dress5_pcnt,walk5_pcnt,m_hear5_pcnt,m_see5_pcnt,m_remember5_pcnt,m_dress5_pcnt,m_walk5_pcnt,w_hear5_pcnt,w_see5_pcnt,w_remember5_pcnt,w_dress5_pcnt,w_walk5_pcnt,hear65_pcnt,see65_pcnt,remember65_pcnt,dress65_pcnt,walk65_pcnt,educ8_pcnt,educ9_12_pcnt,educ13_15_pcnt,educ16_pcnt,m_educ8_pcnt,m_educ9_12_pcnt,m_educ13_15_pcnt,m_educ16_pcnt,w_educ8_pcnt,w_educ9_12_pcnt,w_educ13_15_pcnt,w_educ16_pcnt,yeshiva_pcnt,SecondaryCert_pcnt,MatricCert_pcnt,PostSecondaryCert_pcnt,Acadm1Cert_pcnt,Acadm2Cert_pcnt,OtherCertA_pcnt,m_SecondaryCert_pcnt,m_MatricCert_pcnt,m_PostSecondaryCert_pcnt,m_Acadm1Cert_pcnt,m_Acadm2Cert_pcnt,m_OtherCertA_pcnt,w_SecondaryCert_pcnt,w_MatricCert_pcnt,w_PostSecondaryCert_pcnt,w_Acadm1Cert_pcnt,w_Acadm2Cert_pcnt,w_OtherCertA_pcnt,LaborForceY_thou,LaborForceN_thou,m_LaborForceY_thou,m_LaborForceN_thou,w_LaborForceY_thou,w_LaborForceN_thou,LaborForceY_pcnt,LaborForceN_pcnt,m_LaborForceY_pcnt,m_LaborForceN_pcnt,w_LaborForceY_pcnt,w_LaborForceN_pcnt,Wrk2008Y_pcnt,Wrk2008N_pcnt,m_Wrk2008Y_pcnt,m_Wrk2008N_pcnt,w_Wrk2008Y_pcnt,w_Wrk2008N_pcnt,Wrk2008_15_17_pcnt,Empl_pcnt,SelfEmpl_pcnt,OtherEmpl_pcnt,m_Empl_pcnt,m_SelfEmpl_pcnt,m_OtherEmpl_pcnt,w_Empl_pcnt,w_SelfEmpl_pcnt,w_OtherEmpl_pcnt,HrsWrkWk_avg,m_HrsWrkWk_avg,w_HrsWrkWk_avg,WrkOutLoc_pcnt,TrnsprtOne_pcnt,TrnsprtMore_pcnt,m_TrnsprtOne_pcnt,m_TrnsprtMore_pcnt,w_TrnsprtOne_pcnt,w_TrnsprtMore_pcnt,CarDrvr_pcnt,CarPsngr_pcnt,Bus_pcnt,WorkPlace_pcnt,Train_pcnt,Shuttle_pcnt,Taxi_pcnt,Motorcycle_pcnt,Bicycle_pcnt,OnFoot_pcnt,OtherVehicle_pcnt,Occup0_pcnt,Occup1_pcnt,Occup2_pcnt,Occup3_pcnt,Occup4_pcnt,Occup5_pcnt,Occup678_pcnt,Occup9_pcnt,OccupX_pcnt,m_Occup0_pcnt,m_Occup1_pcnt,m_Occup2_pcnt,m_Occup3_pcnt,m_Occup4_pcnt,m_Occup5_pcnt,m_Occup678_pcnt,m_Occup9_pcnt,m_OccupX_pcnt,w_Occup0_pcnt,w_Occup1_pcnt,w_Occup2_pcnt,w_Occup3_pcnt,w_Occup4_pcnt,w_Occup5_pcnt,w_Occup678_pcnt,w_Occup9_pcnt,w_OccupX_pcnt,IndstA_pcnt,IndstB_pcnt,IndstC_pcnt,IndstD_pcnt,IndstE_pcnt,IndstF_pcnt,IndstG_pcnt,IndstH_pcnt,IndstI_pcnt,IndstJ_pcnt,IndstK_pcnt,IndstL_pcnt,IndstM_pcnt,IndstN_pcnt,IndstO_pcnt,IndstX_pcnt,m_IndstA_pcnt,m_IndstB_pcnt,m_IndstC_pcnt,m_IndstD_pcnt,m_IndstE_pcnt,m_IndstF_pcnt,m_IndstG_pcnt,m_IndstH_pcnt,m_IndstI_pcnt,m_IndstJ_pcnt,m_IndstK_pcnt,m_IndstL_pcnt,m_IndstM_pcnt,m_IndstN_pcnt,m_IndstO_pcnt,m_IndstX_pcnt,w_IndstA_pcnt,w_IndstB_pcnt,w_IndstC_pcnt,w_IndstD_pcnt,w_IndstE_pcnt,w_IndstF_pcnt,w_IndstG_pcnt,w_IndstH_pcnt,w_IndstI_pcnt,w_IndstJ_pcnt,w_IndstK_pcnt,w_IndstL_pcnt,w_IndstM_pcnt,w_IndstN_pcnt,w_IndstO_pcnt,w_IndstX_pcnt,hh_total_thou,hh0_17_pcnt,hh65_pcnt,size_avg,size1_pcnt,size2_pcnt,size3_pcnt,size4_pcnt,size5_pcnt,size6_pcnt,size7up_pcnt,hh0_17_1_pcnt,hh0_17_2_pcnt,hh0_17_3_pcnt,hh0_17_4_pcnt,hh0_17_5_pcnt,Fam_thou,SnglPrnt_thou,NonFam_thou,ComputerY_pcnt,InternetY_pcnt,Vehicle1up_pcnt,Vehicle2up_pcnt,cellphone_avg,own_pcnt,rent_pcnt,OtherArng_pcnt,rm1_pcnt,rm2_pcnt,rm3_pcnt,rm4_pcnt,rm5_pcnt,rm6_pcnt,rm7_pcnt,rm8up_pcnt,HousingDens_avg,HousingDens2_pcnt,HousingDens1_pcnt,age65m_pcnt,m_age65m_pcnt,w_age65m_pcnt,LiveAlone65_pcnt,LiveInstM_pcnt,educ13m_pcnt,wrk2008m_pcnt
,כלל ארצי,5227.3,2526.0,2701.3,6551.8,89.7,90.5,696.3,24.0,25.0,22.0,2.2,2.1,3.0,2.2,2.7,1.4,,,,,2.2,0.3,2.0,2.1,4.6,2.5,0.3,1.9,1.6,3.8,1.9,0.3,2.1,2.5,5.4,12.1,1.7,9.2,13.3,26.0,10.3,47.4,21.5,20.8,9.1,51.5,19.9,19.5,11.4,43.5,23.1,22.0,6.8,16.6,23.1,12.0,14.4,8.5,25.3,18.7,22.1,11.3,13.1,8.5,26.3,14.6,24.1,12.7,15.7,8.6,24.3,3132.6,2094.7,1653.0,872.9,1479.5,1221.8,59.9,40.1,65.4,34.6,54.8,45.2,96.4,3.6,96.7,3.3,95.9,4.1,8.5,86.2,12.7,1.1,82.0,16.9,1.0,90.9,8.0,1.1,40.5,45.2,35.5,52.0,94.1,5.9,94.9,5.1,93.2,6.8,51.9,4.9,17.8,9.1,0.6,1.1,0.4,1.5,1.0,11.0,0.5,14.1,15.8,5.7,15.7,21.0,1.1,16.0,7.3,3.4,14.0,11.9,7.5,7.9,17.5,1.8,27.1,7.7,4.6,14.2,20.1,3.6,24.5,24.9,0.3,3.4,6.9,1.9,1.5,14.1,0.7,4.2,13.0,4.8,6.9,3.7,13.8,4.9,12.3,9.8,5.1,1.2,0.1,3.9,2.3,18.9,1.0,7.4,13.8,5.2,9.1,2.9,14.8,5.1,5.6,4.3,4.6,0.2,0.1,4.8,0.7,8.7,0.3,0.6,12.1,4.3,4.4,4.6,12.8,4.7,20.0,15.9,5.7,2.5,0.1,2.8,2314.1,43.8,22.5,3.2,21.0,24.4,15.6,16.2,12.1,5.7,5.0,32.7,31.4,19.7,8.6,7.6,1797.4,196.4,515.3,71.1,90.8,61.8,18.8,2.1,65.8,26.4,7.8,4.8,13.5,33.5,28.3,13.2,4.6,1.4,0.6,0.9,5.8,75.4,9.8,8.6,10.9,35.2,8.4,34.0,13.0
70,אשדוד,146.7,70.0,76.7,182.8,89.9,90.9,23.6,23.0,25.0,22.0,2.1,2.1,2.6,1.3,,1.4,72.4,15.5,4.7,7.5,2.7,0.3,2.4,2.6,6.0,2.9,0.3,2.3,2.1,4.9,2.5,0.3,2.5,3.1,7.1,13.3,1.3,9.6,15.0,28.6,8.0,50.5,26.0,15.4,7.4,54.4,23.6,14.6,8.5,47.0,28.3,16.2,8.0,18.8,22.9,17.7,12.0,7.9,20.8,20.7,22.2,16.6,10.2,7.9,22.3,17.1,23.5,18.6,13.5,7.8,19.4,86.4,60.3,43.2,26.8,43.2,33.5,58.9,41.1,61.7,38.3,56.3,43.7,96.2,3.8,96.7,3.3,95.6,4.4,10.4,90.8,9.0,0.2,88.0,11.7,0.2,93.6,6.3,0.1,41.0,46.5,35.9,35.9,92.4,7.6,94.2,5.8,90.5,9.5,40.8,4.5,21.3,19.0,0.8,1.9,0.3,0.3,0.3,10.3,0.6,9.1,14.8,3.3,15.8,21.6,0.3,22.0,9.4,3.6,8.9,11.3,4.7,8.5,14.5,0.5,37.5,9.0,5.2,9.3,18.3,1.9,23.3,28.7,0.2,6.4,9.8,2.1,0.6,21.2,1.2,3.4,14.0,3.0,12.1,2.5,9.9,3.4,10.5,10.1,3.8,0.9,0.0,3.4,0.6,27.4,2.2,6.2,12.8,3.2,16.9,1.6,10.6,3.9,3.9,3.2,3.2,0.1,0.0,4.2,0.5,14.9,0.2,0.6,15.3,2.8,7.2,3.4,9.3,2.8,17.2,17.2,4.5,1.6,0.0,2.6,61.2,46.5,28.6,3.3,15.5,24.8,17.1,18.9,12.7,5.9,5.1,35.4,33.2,17.1,6.7,7.6,51.3,5.9,9.9,68.4,91.1,52.8,12.1,2.3,70.2,26.7,3.1,3.6,10.6,30.5,35.2,16.3,3.0,0.6,0.3,0.9,4.4,74.6,11.8,10.5,13.0,29.0,11.8,38.9,7.5
7100,אשקלון,85.7,40.7,45.0,101.9,92.4,93.5,15.9,23.0,25.0,22.0,2.1,2.1,1.9,1.5,,1.5,76.6,11.0,5.2,7.1,3.1,0.6,2.5,3.3,6.8,3.2,0.7,2.4,2.9,5.3,3.1,0.5,2.6,3.6,8.2,13.5,2.8,9.8,15.6,28.1,10.9,49.7,24.2,15.3,9.8,54.6,21.7,13.9,11.9,45.2,26.4,16.5,1.5,16.3,23.1,14.4,13.8,7.9,24.6,18.8,22.6,13.4,11.5,7.8,26.0,14.0,23.5,15.3,15.8,8.0,23.3,48.0,37.7,24.6,16.1,23.4,21.6,56.1,43.9,60.5,39.5,52.1,47.9,95.4,4.6,96.0,4.0,94.7,5.3,8.1,89.6,10.3,0.1,85.5,14.5,0.1,93.9,5.9,0.1,40.8,46.1,35.5,33.4,93.6,6.4,94.8,5.2,92.2,7.8,45.5,5.1,17.8,21.5,0.9,0.3,0.2,0.2,0.1,7.9,0.5,8.5,12.6,4.2,13.5,22.8,1.0,24.3,10.5,2.5,8.1,8.5,6.1,6.6,16.4,1.4,41.6,8.5,2.8,8.9,17.0,2.2,20.9,29.6,0.6,5.9,12.7,2.2,2.0,19.6,1.7,6.2,13.2,3.7,7.0,1.8,9.8,6.0,8.8,12.6,3.8,1.2,0.0,2.6,2.0,26.5,2.7,10.9,11.2,3.5,11.2,1.3,10.4,7.3,2.8,4.3,3.1,0.2,,2.6,2.1,12.4,0.7,1.2,15.4,3.9,2.6,2.2,9.2,4.5,15.1,21.6,4.5,2.2,0.0,2.5,38.3,36.9,31.2,2.9,22.6,27.1,18.2,15.2,10.3,4.3,2.3,40.6,32.3,17.0,7.2,3.0,29.3,4.0,8.9,65.0,92.9,51.1,11.9,2.2,68.4,26.8,4.8,3.3,9.5,35.4,36.1,11.6,3.1,0.9,0.2,0.8,1.8,82.0,14.8,13.0,16.5,38.5,10.2,37.5,7.2
9000,באר שבע,148.2,71.0,77.2,175.7,92.0,92.7,21.6,24.0,25.0,22.0,1.9,2.0,1.6,1.6,0.0,1.4,69.7,15.2,4.2,10.9,2.7,0.4,2.1,2.4,5.3,3.0,0.4,1.8,1.7,4.1,2.4,0.4,2.4,3.0,6.4,12.8,2.0,8.8,14.7,26.7,8.0,45.7,26.8,19.5,6.9,48.2,26.4,18.6,9.0,43.4,27.2,20.4,1.2,19.3,26.2,15.2,11.9,9.9,17.5,21.3,25.3,16.2,9.8,9.5,17.8,17.5,27.1,14.2,13.8,10.2,17.2,91.4,56.8,45.3,25.6,46.0,31.2,61.7,38.3,63.9,36.1,59.6,40.4,96.8,3.2,96.9,3.1,96.7,3.3,9.5,93.0,6.8,0.2,90.2,9.6,0.2,95.9,4.0,0.2,39.5,44.0,35.3,28.0,94.5,5.5,95.4,4.6,93.6,6.4,39.7,6.2,22.4,21.0,0.4,0.3,1.1,0.4,0.5,7.9,0.2,12.9,14.6,3.5,16.8,22.5,0.4,18.1,8.1,3.2,13.3,11.4,4.8,7.9,17.4,0.6,32.3,7.8,4.5,12.6,17.8,2.1,25.6,27.6,0.2,4.0,8.3,1.8,0.5,17.8,0.6,3.8,11.8,4.2,7.3,1.6,13.2,5.9,13.8,12.4,3.8,0.7,0.0,2.4,0.5,25.5,1.0,6.9,10.6,4.4,8.5,1.4,14.9,6.9,7.5,5.0,3.7,0.0,0.0,3.2,0.5,10.3,0.2,0.8,13.0,4.0,6.0,1.8,11.6,5.0,20.0,19.6,4.0,1.4,,1.7,65.5,38.0,24.9,2.9,21.1,27.7,17.4,17.0,10.1,4.5,2.2,40.5,33.6,17.0,6.2,2.6,49.3,6.2,16.1,74.5,94.3,53.7,9.5,2.3,64.5,31.5,3.9,3.2,11.8,32.0,33.1,14.6,4.0,1.0,0.3,0.8,1.8,82.4,11.6,10.0,13.2,33.0,11.8,39.6,10.0
6100,בני ברק,83.3,38.2,45.1,119.3,83.4,85.1,9.8,22.0,23.0,21.0,3.2,3.2,0.9,1.3,,1.3,75.6,12.7,1.1,10.6,1.2,0.3,1.5,1.7,3.4,1.3,0.3,1.6,1.5,2.9,1.1,0.2,1.4,1.8,3.9,9.9,2.1,9.0,14.0,26.9,5.7,54.4,29.6,10.4,4.8,75.9,12.1,7.1,6.4,36.1,44.4,13.2,62.4,14.2,10.1,22.0,6.4,2.9,44.5,12.4,9.4,8.4,4.9,3.2,61.6,15.6,10.6,33.5,7.7,2.6,30.0,39.2,44.2,15.5,22.7,23.7,21.4,47.0,53.0,40.5,59.5,52.5,47.5,94.0,6.0,93.6,6.4,94.2,5.8,2.2,90.1,9.7,0.2,84.9,14.9,0.2,93.5,6.3,0.2,33.4,39.4,29.7,47.1,92.6,7.4,93.0,7.0,92.4,7.6,20.4,2.6,38.4,6.6,0.1,0.7,0.3,1.5,0.7,28.2,0.4,13.2,26.3,2.7,20.4,20.3,0.2,7.6,6.1,3.0,14.6,19.7,4.9,12.4,17.4,0.3,16.9,8.7,5.0,12.4,30.7,1.2,25.7,22.2,0.1,1.6,4.4,1.7,0.1,7.2,0.2,1.5,12.2,2.4,3.9,4.1,12.2,2.5,35.0,9.7,4.5,1.7,,2.9,0.2,12.6,0.2,3.6,16.5,4.2,6.6,3.6,13.0,3.7,22.5,4.2,5.1,0.5,,3.7,0.0,3.7,0.1,0.2,9.4,1.3,2.1,4.4,11.7,1.8,43.1,13.3,4.1,2.6,,2.3,35.3,53.9,20.6,4.0,14.4,23.8,13.9,12.0,10.0,8.2,17.6,22.3,19.5,16.7,13.3,28.2,29.8,2.0,5.5,47.5,50.8,28.2,3.8,1.7,70.7,25.1,4.3,4.4,21.4,38.6,22.8,9.7,2.1,0.7,0.2,1.2,18.8,53.2,7.4,6.0,8.8,36.5,12.7,24.4,11.7
6200,בת ים,107.6,50.0,57.6,121.8,93.5,94.1,24.2,23.0,25.0,22.0,1.8,1.9,1.6,1.4,,1.3,72.4,14.0,2.6,11.0,3.4,0.4,2.9,3.4,8.1,3.7,0.5,2.5,2.8,6.8,3.1,0.3,3.3,4.0,9.2,12.0,1.3,9.4,13.3,27.9,13.7,51.4,20.9,14.0,12.9,54.0,19.6,13.5,14.4,49.1,22.1,14.4,0.6,19.9,22.9,11.6,11.0,7.7,26.9,22.0,21.4,11.4,10.1,7.3,27.8,18.0,24.2,11.8,11.8,8.0,26.2,65.0,42.6,33.0,17.0,32.0,25.6,60.4,39.6,66.0,34.0,55.5,44.5,97.6,2.4,97.7,2.3,97.4,2.6,12.4,90.3,9.5,0.2,85.4,14.4,0.1,95.3,4.5,0.3,41.2,45.7,36.7,77.5,96.5,3.5,96.8,3.2,96.3,3.7,37.9,3.7,42.1,4.7,0.1,0.1,0.3,2.3,0.5,7.8,0.4,6.5,10.9,2.7,20.9,24.5,0.1,20.8,11.0,2.6,6.5,9.8,3.7,10.2,18.8,0.2,36.9,10.4,3.5,6.4,12.1,1.6,32.0,30.4,0.1,4.0,11.7,1.6,0.2,15.0,0.4,4.2,18.7,4.5,9.0,5.3,12.9,3.6,5.4,11.2,4.2,1.9,0.1,3.6,0.2,21.3,0.7,7.8,19.6,5.0,13.1,2.6,12.8,2.9,2.1,3.6,3.7,0.2,0.1,4.3,0.1,8.4,0.1,0.5,17.7,3.8,4.7,8.2,12.9,4.2,8.7,19.1,4.7,3.7,0.1,2.9,50.7,29.0,36.1,2.6,25.5,31.6,18.5,13.8,7.6,2.1,1.0,49.9,31.8,13.3,3.4,1.7,37.1,5.8,13.6,63.7,93.9,48.3,8.1,2.0,64.3,33.0,2.7,5.5,29.9,44.1,17.4,2.9,0.3,0.0,,0.9,3.5,74.9,18.8,16.6,20.7,36.5,5.6,29.2,13.1
6600,חולון,139.9,66.9,73.0,162.9,92.4,92.8,26.1,24.0,25.0,22.0,1.9,1.9,2.6,1.3,,1.3,68.5,17.1,1.8,12.6,2.8,0.3,2.4,2.9,6.2,3.2,0.4,2.5,2.5,5.4,2.5,0.3,2.4,3.3,6.9,12.6,1.6,9.3,14.2,26.8,10.0,52.6,21.0,16.5,9.6,54.5,20.4,15.6,10.4,50.8,21.5,17.2,1.2,19.9,26.5,10.1,12.4,7.3,24.0,22.4,23.7,10.7,10.9,7.2,25.1,17.6,29.0,9.5,13.7,7.3,22.9,90.1,49.8,46.1,20.9,44.1,28.9,64.4,35.6,68.8,31.2,60.4,39.6,97.6,2.4,97.9,2.1,97.4,2.6,11.1,87.3,12.4,0.3,80.5,19.1,0.4,94.4,5.4,0.3,41.1,45.7,36.7,69.8,95.8,4.2,96.5,3.5,95.0,5.0,52.6,3.0,28.1,4.5,0.1,0.1,0.3,3.0,0.6,7.1,0.5,9.8,12.4,5.0,23.2,23.7,0.3,16.3,6.7,2.7,10.2,11.2,6.9,10.5,20.8,0.5,28.9,7.3,3.7,9.3,13.6,3.0,36.6,26.7,0.1,3.0,5.9,1.7,0.2,13.5,0.8,3.9,17.7,4.1,8.6,7.5,13.9,3.7,7.1,9.1,4.6,1.4,0.1,3.8,0.3,18.8,1.2,6.7,20.1,4.5,11.5,4.6,13.9,3.8,2.6,3.2,3.8,0.1,0.1,4.7,0.1,7.9,0.4,0.9,15.2,3.7,5.6,10.5,14.0,3.7,11.8,15.3,5.3,2.8,0.1,2.8,62.2,36.7,30.9,2.8,20.2,28.5,18.7,17.9,10.6,3.1,1.0,41.6,37.6,16.0,3.7,1.2,49.0,5.7,13.3,73.4,94.1,66.4,20.2,2.2,70.7,25.6,3.7,2.5,13.1,39.0,29.1,14.4,1.5,0.3,0.1,0.8,1.7,80.6,14.9,13.6,16.0,34.9,3.0,27.7,14.3
4000,חיפה,211.0,98.9,112.1,240.5,93.3,93.9,45.3,24.0,26.0,22.0,1.8,1.8,2.3,1.9,0.4,1.3,72.2,14.5,3.4,9.9,2.9,0.4,2.3,2.6,6.5,3.2,0.3,1.9,1.8,4.9,2.6,0.4,2.6,3.4,8.0,10.6,1.6,7.4,11.1,24.6,7.4,38.5,25.1,29.0,6.7,40.3,23.6,29.4,8.0,37.0,26.3,28.6,2.8,12.7,23.3,14.0,17.9,14.4,17.7,13.7,23.2,13.1,17.5,14.4,18.1,11.7,23.4,14.8,18.2,14.4,17.4,127.3,83.7,64.3,34.6,63.0,49.2,60.3,39.7,65.0,35.0,56.2,43.8,96.2,3.8,96.4,3.6,95.9,4.1,10.2,88.8,10.8,0.4,85.1,14.3,0.5,92.6,7.2,0.2,39.8,45.0,34.7,26.1,92.3,7.7,93.0,7.0,91.5,8.5,52.8,2.8,25.5,6.8,1.1,1.4,0.3,0.5,0.2,8.2,0.4,20.3,15.7,5.4,14.5,22.1,0.2,11.5,7.2,3.2,22.4,12.8,7.6,7.8,17.3,0.3,20.4,7.2,4.3,18.1,18.7,3.1,21.4,27.1,0.1,2.3,7.2,2.0,0.2,13.0,1.8,2.5,12.2,4.6,7.3,3.0,15.9,3.7,12.8,13.4,4.9,1.6,0.0,3.3,0.4,18.9,2.5,4.4,12.7,5.0,9.5,2.4,18.4,4.2,6.9,6.0,4.3,0.2,0.0,4.3,0.0,7.0,1.1,0.4,11.6,4.1,5.0,3.6,13.3,3.3,18.8,21.0,5.6,3.0,0.0,2.3,104.6,28.5,32.0,2.5,28.3,33.3,15.7,12.9,7.1,1.7,1.0,45.1,34.1,15.4,3.3,2.1,73.3,9.5,31.3,72.9,94.5,59.2,16.7,2.0,62.6,31.8,5.6,3.8,19.3,39.4,24.3,9.9,2.5,0.6,0.3,0.8,2.2,85.9,18.2,15.7,20.5,40.1,10.6,42.8,10.8
3000,ירושלים,478.2,226.8,251.4,642.0,86.8,88.0,59.1,23.0,25.0,21.0,2.6,2.5,3.2,2.2,1.3,1.2,75.5,9.7,8.2,6.6,1.6,0.2,1.8,1.8,4.1,1.7,0.3,1.7,1.6,3.5,1.5,0.2,1.9,2.1,4.6,10.4,1.3,8.7,12.3,25.2,11.3,46.3,20.9,21.5,10.8,52.8,17.0,19.5,11.9,40.4,24.4,23.3,26.6,15.4,20.2,11.4,13.2,8.5,31.3,17.0,20.0,8.8,11.4,8.7,34.0,13.8,20.3,13.8,14.8,8.4,29.0,239.9,238.3,132.8,94.0,107.1,144.4,50.2,49.8,58.6,41.4,42.6,57.4,95.8,4.2,95.9,4.1,95.6,4.4,6.4,87.3,12.5,0.2,83.1,16.6,0.3,92.5,7.3,0.2,37.6,41.7,32.7,10.7,94.4,5.6,95.0,5.0,93.7,6.3,44.4,4.0,31.9,4.5,0.1,0.3,0.5,1.0,0.6,12.4,0.5,16.2,18.1,4.5,15.3,19.9,0.5,12.9,7.8,4.8,14.9,11.6,5.6,8.1,19.2,0.7,22.2,10.7,7.2,17.8,26.2,3.1,24.3,20.8,0.1,1.5,4.2,2.0,0.4,6.4,0.6,3.9,11.7,6.0,6.4,2.4,11.7,7.9,17.9,11.5,6.8,1.1,0.3,4.9,0.7,8.9,0.8,6.7,14.4,7.7,9.4,2.0,13.1,6.6,10.2,6.1,6.0,0.3,0.4,6.7,0.1,3.2,0.2,0.5,8.3,3.9,2.8,2.9,10.1,9.6,27.6,18.1,7.7,2.1,0.2,2.8,202.2,50.5,21.8,3.7,18.1,21.7,13.9,13.6,11.6,8.7,12.4,26.0,24.0,19.3,13.7,17.0,161.6,17.8,40.5,62.3,78.9,50.8,11.7,2.0,59.3,32.4,8.3,8.2,17.2,36.2,26.0,8.9,2.2,0.9,0.3,1.2,18.4,58.8,8.1,7.1,9.1,32.5,8.6,38.6,13.1
7400,נתניה,136.2,64.6,71.6,161.7,91.1,91.9,25.2,24.0,25.0,22.0,2.0,2.1,0.7,1.5,,1.3,71.7,16.7,2.8,8.8,2.7,0.4,2.1,2.6,5.9,3.1,0.4,2.0,1.8,4.7,2.3,0.4,2.3,3.3,7.0,11.9,1.6,8.4,13.0,25.9,10.6,48.2,22.7,18.4,9.7,51.3,21.5,17.5,11.5,45.5,23.8,19.1,2.4,16.1,24.9,12.7,13.9,8.5,23.9,18.1,23.1,12.6,12.7,8.8,24.7,14.2,26.5,12.9,15.0,8.2,23.1,83.4,52.7,42.4,22.2,41.0,30.6,61.3,38.7,65.7,34.3,57.3,42.7,97.6,2.4,97.4,2.6,97.8,2.2,9.8,89.5,10.4,0.2,85.0,14.9,0.1,94.1,5.7,0.2,40.6,45.6,35.7,43.2,92.7,7.3,93.9,6.1,91.5,8.5,45.8,3.4,19.0,8.7,1.5,8.4,0.2,0.9,0.6,10.8,0.7,11.1,13.9,4.6,16.6,25.4,0.6,16.3,8.3,3.2,11.5,11.2,6.5,7.8,20.8,1.1,28.4,8.2,4.5,10.7,16.7,2.7,25.6,30.1,0.2,3.8,8.5,1.7,0.8,14.6,0.3,3.8,15.8,4.8,6.5,3.4,15.2,3.5,9.2,11.4,4.1,1.7,0.1,4.8,1.3,20.7,0.4,7.0,16.3,5.6,8.5,2.6,16.3,4.1,3.6,3.8,3.5,0.2,0.1,6.0,0.3,8.3,0.3,0.5,15.4,4.0,4.4,4.2,14.0,2.8,14.9,19.2,4.7,3.2,0.1,3.5,59.6,38.1,31.5,3.0,20.5,27.1,17.5,16.5,11.2,4.4,2.9,38.5,33.9,17.1,6.6,3.9,46.8,5.6,12.8,71.0,92.9,57.1,15.3,2.2,67.1,29.4,3.5,4.8,10.5,37.2,30.8,12.5,3.1,0.8,0.2,0.9,3.3,78.8,14.8,13.1,16.3,34.2,9.2,35.4,10.7
7900,פתח תקווה,150.8,72.1,78.7,178.4,90.0,91.2,23.8,24.0,26.0,23.0,1.9,1.9,0.4,1.4,,1.3,66.5,17.0,2.8,13.8,2.2,0.3,1.9,2.1,5.1,2.3,0.4,1.7,1.5,4.2,2.2,0.3,2.1,2.6,6.0,11.8,1.5,8.1,12.2,25.8,8.3,44.1,24.9,22.6,7.3,47.1,23.9,21.6,9.3,41.4,25.8,23.5,3.7,16.6,24.1,13.9,16.4,10.3,18.7,19.2,22.4,14.0,15.3,10.3,18.8,14.3,25.6,13.8,17.4,10.3,18.6,102.5,48.3,51.3,20.9,51.3,27.4,68.0,32.0,71.1,28.9,65.1,34.9,97.6,2.4,97.6,2.4,97.6,2.4,13.5,90.2,9.6,0.2,86.3,13.5,0.2,94.1,5.8,0.1,41.4,45.9,37.1,51.0,93.8,6.2,94.8,5.2,92.7,7.3,53.0,3.4,25.5,4.6,0.3,1.1,0.4,1.8,0.6,9.0,0.4,14.1,15.2,5.1,20.4,20.3,0.3,14.5,7.2,2.8,15.7,12.9,6.7,11.1,16.6,0.5,25.5,7.2,3.7,12.6,17.5,3.5,29.8,24.0,0.1,3.4,7.3,1.9,0.4,15.1,0.4,2.8,15.8,3.1,7.8,5.7,15.9,3.6,8.4,10.8,4.0,1.8,0.1,4.5,0.6,20.7,0.5,4.8,16.3,3.4,10.7,4.4,17.3,3.6,3.4,4.9,3.9,0.1,0.1,5.2,0.1,9.4,0.2,0.8,15.3,2.8,4.9,7.0,14.5,3.6,13.4,16.8,4.0,3.4,0.1,3.8,67.5,39.9,26.3,2.9,19.3,27.2,18.8,18.8,10.5,3.6,1.7,39.1,37.1,16.9,4.4,2.5,53.7,6.0,13.8,76.8,94.8,67.3,22.2,2.3,69.4,27.4,3.2,3.3,11.6,37.4,33.2,11.2,2.5,0.5,0.2,0.8,2.1,79.5,12.7,11.3,14.1,33.1,11.0,32.7,13.3
8300,ראשון לציון,176.9,85.3,91.6,209.3,92.5,93.2,22.7,24.0,25.0,22.0,1.8,1.9,3.3,1.7,0.0,1.4,74.4,13.5,2.0,10.2,2.0,0.3,1.8,1.8,4.1,2.3,0.3,1.8,1.3,3.2,1.8,0.3,1.9,2.2,4.9,11.4,1.4,9.1,12.1,24.3,7.3,48.5,24.4,19.8,6.7,50.6,24.2,18.5,7.9,46.6,24.5,21.0,0.9,17.1,27.2,13.1,14.5,9.0,19.0,19.4,25.1,14.2,13.1,8.5,19.7,14.9,29.2,12.1,15.9,9.5,18.4,120.1,56.8,60.5,24.8,59.6,32.0,67.9,32.1,70.9,29.1,65.1,34.9,97.3,2.7,97.7,2.3,96.8,3.2,13.1,88.2,11.6,0.2,82.8,17.0,0.1,93.7,6.0,0.2,41.7,46.6,37.1,61.9,95.3,4.7,96.2,3.8,94.3,5.7,59.2,3.6,20.8,5.4,0.6,1.0,0.4,1.4,0.4,7.0,0.4,12.1,13.7,6.8,21.6,21.5,0.4,14.7,6.2,3.0,12.4,12.1,9.4,10.9,18.2,0.7,25.7,6.5,4.1,11.8,15.3,4.0,32.6,24.9,0.1,3.4,5.9,1.9,0.6,14.8,0.8,3.4,16.7,3.9,7.9,6.6,14.0,4.9,7.9,8.7,4.8,1.2,0.1,3.9,0.7,20.7,1.1,5.9,17.8,4.2,10.4,4.1,14.8,5.2,2.4,3.6,4.4,0.1,0.0,4.6,0.4,8.9,0.5,0.9,15.5,3.7,5.3,9.0,13.1,4.6,13.5,13.9,5.1,2.3,0.1,3.1,73.4,41.1,23.1,3.1,16.4,25.5,19.0,19.8,14.0,4.0,1.3,39.6,36.7,19.0,3.8,0.9,60.7,6.6,12.6,81.0,96.3,74.4,29.0,2.5,73.2,23.8,3.1,2.6,10.4,33.5,30.5,13.8,6.7,2.2,0.5,0.8,1.3,80.3,10.3,9.4,11.2,28.8,7.7,34.0,13.6
8400,רחובות,83.4,39.9,43.5,99.4,90.0,91.4,13.4,24.0,26.0,23.0,2.0,2.0,1.4,1.5,,1.3,69.9,13.2,2.8,14.1,2.2,0.3,1.6,2.1,4.7,2.2,0.3,1.5,1.6,3.5,2.2,0.4,1.7,2.6,5.7,10.7,1.6,7.3,12.5,23.9,7.9,40.0,23.8,28.3,6.6,43.3,22.4,27.7,9.2,36.9,25.0,28.9,3.6,14.2,21.0,13.5,16.6,14.9,19.7,15.7,20.0,14.0,14.9,15.0,20.3,12.9,22.0,13.0,18.1,14.8,19.2,54.2,29.2,27.2,12.8,27.0,16.5,65.0,35.0,68.0,32.0,62.1,37.9,97.3,2.7,97.3,2.7,97.2,2.8,9.6,90.1,9.6,0.3,87.3,12.4,0.3,92.9,6.9,0.2,39.8,44.7,35.1,54.3,90.2,9.8,91.1,8.9,89.3,10.7,52.4,3.6,17.8,7.8,1.7,1.6,0.3,0.9,1.1,12.3,0.5,20.1,16.8,5.0,15.2,19.7,0.6,12.5,7.3,2.8,20.9,13.1,7.1,8.8,16.5,0.9,22.1,6.3,4.2,19.2,20.5,2.9,21.7,23.0,0.2,2.8,8.3,1.4,0.8,15.6,0.5,2.8,11.4,3.7,5.7,3.3,17.2,5.2,12.9,11.6,4.0,1.9,0.0,3.5,1.2,22.2,0.7,5.1,11.7,4.4,7.8,3.0,19.2,6.3,5.8,5.0,3.5,0.1,0.0,3.9,0.4,8.9,0.3,0.4,11.2,3.0,3.5,3.6,15.2,4.0,20.0,18.3,4.5,3.7,,3.1,37.4,38.7,26.5,2.9,19.5,28.7,17.8,17.4,9.8,4.2,2.7,36.2,36.3,17.3,6.2,3.9,29.6,3.4,7.7,78.7,92.9,68.9,20.1,2.3,67.3,29.0,3.7,3.3,9.2,36.6,28.9,15.9,4.8,0.9,0.3,0.8,2.5,81.8,12.3,10.9,13.6,32.1,5.8,42.7,13.9
8600,רמת גן,116.5,54.7,61.8,131.4,92.7,93.3,23.2,25.0,27.0,23.0,1.6,1.6,0.7,1.4,,1.1,64.0,9.4,2.1,24.4,2.7,0.4,2.7,2.5,5.7,2.8,0.4,2.7,1.6,4.4,2.5,0.4,2.7,3.3,6.8,11.7,1.5,9.2,12.1,24.9,7.5,39.6,23.8,29.2,6.2,41.7,22.8,29.3,8.6,37.7,24.6,29.1,0.8,14.2,26.4,11.2,21.5,9.9,16.8,16.0,25.5,10.8,21.5,9.7,16.6,12.7,27.2,11.5,21.6,10.0,17.0,78.4,38.1,39.3,15.4,39.1,22.7,67.3,32.7,71.8,28.2,63.3,36.7,98.1,1.9,98.3,1.7,98.0,2.0,14.7,85.3,14.4,0.3,79.8,19.9,0.4,90.9,8.9,0.3,41.1,45.0,37.4,70.9,94.3,5.7,95.2,4.8,93.4,6.6,54.5,2.5,23.6,2.1,0.4,0.5,0.5,5.5,1.0,9.2,0.2,17.7,16.8,6.7,20.8,21.5,0.3,9.1,4.2,2.9,19.6,15.6,8.8,10.3,19.9,0.5,16.6,4.7,3.9,15.8,18.1,4.6,31.4,23.1,0.1,1.5,3.6,1.8,0.3,9.0,0.5,2.4,13.2,4.8,7.4,8.8,21.0,3.7,8.7,8.3,6.7,1.2,0.1,3.8,0.5,12.4,0.7,4.4,14.3,5.1,9.4,6.7,22.7,3.7,4.0,4.5,6.5,0.1,0.1,5.0,0.1,5.6,0.3,0.5,12.1,4.6,5.4,11.0,19.3,3.7,13.4,12.2,6.8,2.3,0.1,2.7,60.4,27.3,28.5,2.4,32.6,31.6,14.3,12.7,6.8,1.5,0.4,45.1,36.9,14.8,2.6,0.6,39.0,4.9,21.4,77.3,95.7,67.2,21.5,2.0,56.5,37.6,6.0,7.8,26.9,32.3,22.1,8.0,1.8,0.7,0.3,0.8,1.2,86.1,17.0,14.9,18.9,40.1,8.8,30.5,14.7
5000,תל אביב -יפו,332.9,160.3,172.7,371.2,92.7,93.3,55.4,25.0,27.0,23.0,1.4,1.4,2.7,1.6,4.0,1.1,60.8,14.6,3.9,20.8,2.0,0.3,2.3,2.1,4.6,2.1,0.3,2.2,1.7,3.7,2.0,0.3,2.3,2.5,5.5,9.8,1.4,8.4,11.6,22.3,7.4,35.4,22.9,34.3,6.9,37.2,22.6,33.3,7.8,33.7,23.3,35.3,1.1,12.2,25.4,8.6,23.7,13.3,16.8,13.1,24.9,8.1,23.1,13.2,17.5,11.3,25.8,9.1,24.2,13.4,16.2,232.1,100.8,119.4,40.9,112.7,59.9,69.7,30.3,74.5,25.5,65.3,34.7,98.2,1.8,98.3,1.7,98.2,1.8,11.6,80.9,18.9,0.2,75.8,24.0,0.2,86.2,13.6,0.2,41.0,44.7,37.3,34.2,91.1,8.9,91.4,8.6,90.9,9.1,46.5,2.6,23.2,1.9,0.6,1.2,1.0,6.0,3.5,12.9,0.6,21.7,17.9,7.9,14.3,21.9,0.3,7.6,5.1,3.3,22.9,16.8,9.7,7.2,20.1,0.5,13.3,5.3,4.2,20.5,19.1,6.0,21.8,23.9,0.1,1.6,4.8,2.2,0.3,8.1,0.4,2.2,11.7,7.4,5.8,6.1,23.0,3.4,8.1,8.0,9.2,1.6,0.2,4.5,0.5,10.5,0.5,3.9,12.8,7.9,6.8,5.5,24.4,3.3,4.7,4.1,9.1,0.3,0.2,5.6,0.1,5.5,0.2,0.4,10.6,6.9,4.8,6.7,21.5,3.5,11.7,12.2,9.3,2.9,0.3,3.4,187.5,23.0,22.5,2.1,40.5,30.7,12.5,9.4,4.9,1.3,0.7,48.3,33.6,13.7,2.9,1.5,104.4,13.9,82.8,78.6,95.1,60.0,16.9,1.8,44.8,47.9,7.3,12.1,28.4,33.7,17.4,6.5,1.3,0.4,0.2,0.8,2.4,87.8,14.2,12.1,16.1,44.9,6.9,39.0,16.3
