,formatted_address,google_place_id,input_string,latitude,longitude
0,"Kerem Shalom, Israel",ChIJYbENsimT_RQRRKPpPAAObOY,כרם שלום,31.228281,34.284559
1,"Or HaNer, Israel",ChIJLZKoVneEAhUR9hqUp_mN_gk,אור הנר,31.556196999999997,34.602305
2,"Erez, Israel",ChIJkdemMLiDAhUREdnIb1iQ5RM,ארז,31.55984,34.564889
3,"Kfar Aza, Israel",ChIJHZDiaGuAAhURKhblmQnfBp0,כפר עזה,31.483416,34.532291
4,"Sa'ad, Israel",ChIJ0SClRXSAAhURDwzFt58-Qrs,סעד,31.47018499999999,34.534356
5,"Be'eri, Israel",ChIJt1GvUpGA_RQR1jXFLfRTrsE,בארי,31.424513,34.492567
6,"Nir Oz, Israel",ChIJMcigPiGP_RQRF4ijsZQYuv8,ניר עוז,31.309696999999996,34.402075
7,"Nirim, Israel",ChIJcSOiGmmP_RQRxsGycN0j18I,נירים,31.33572999999999,34.394087
8,"Ein HaShlosha, Israel",ChIJG3biWfGF_RQRY-tAXW4ZkQw,עין השלושה,31.351722,34.403471
9,"Yad Mordechai, Israel",ChIJpS4KkQODAhURIDsOoJnXSX8,יד מרדכי,31.586963,34.5575
10,"Netiv HaAsara, Israel",ChIJGT38s0WCAhUR5NddCNuNya0,נתיב העשרה,31.572407000000002,34.539322
11,"Nahal Oz, Israel",ChIJ369MrASA_RQRJYNKPc4SgLY,נחל עוז,31.47267999999999,34.497675
12,"Alumim, Israel",ChIJKzV7UvN_AhUR7lHMETJEPZY,עלומים,31.453049,34.514711
13,"Kfar Maimon, Israel",ChIJOac1GqR_AhURf82IsBPEDvA,כפר מימון,31.431401,34.53718
14,"Shuva, Israel",ChIJX3Fq6c5_AhURY50RjbNQf8A,שובה,31.44995,34.545496
15,"Shokeda, Israel",ChIJKXDcnHF_AhURFfkw3bhj5YA,שוקדה,31.422098,34.524383
16,"Tushia, Israel",ChIJdWXsZKV_AhURhxMpT4o-WDk,תושיה,31.432895000000002,34.541314
17,"Tkuma, Israel",ChIJE0Cp1B5-AhURcsaYHaiUlGo,תקומה,31.448535999999997,34.578084999999994
18,"Zimrat, Israel",ChIJhYXmyMx_AhURdobPCB6MlgI,זמרת,31.447853000000002,34.552288
19,"Yizre'am Farm, Israel",ChIJC1-2-Dx-AhURmEPIpDOdSrA,חוות יזרעם,31.442963,34.571844
20,"Mavki'im, Israel",ChIJK6t2precAhUReHMjSYDaR1g,מבקיעים,31.622518,34.577431
21,"Talmei Yaffe, Israel",ChIJKx3mOESbAhURZ82wK1oRDH4,תלמי יפה,31.616857,34.612482
22,"Beit Shikma, Israel",ChIJQxDT7nCbAhUR98Bu0H2KCQo,בית שיקמה,31.637735,34.610074
23,"Bat Hadar, Israel",ChIJc2Yp_n-bAhURFYElLX42noU,בת הדר,31.648125,34.597146
24,"Ge'a, Israel",ChIJmWNSLWebAhURCNsBRQup-zg,גיאה,31.628466999999997,34.602678000000004
25,"Zikim, Israel",ChIJ22f5R5eCAhURRWN5IfelBDk,זיקים,31.607204,34.520967999999996
26,"Karmia, Israel",ChIJKSDIjOiCAhURGAlqPuKTToI,כרמיה,31.60269499999999,34.540413
27,"Kfar Silver, Israel",ChIJ0wswuOWbAhUR_aMl7YbymjI,כפר סילבר,31.675669,34.612311
28,"Mash'en, Israel",ChIJ-8TfZr6bAhURS7jkmDmdau8,משען,31.656885,34.621607
29,"Nir Yisrael, Israel",ChIJ3VBFSHSZAhURwmybCoYMctI,ניר ישראל,31.692156,34.638071000000004
30,"Ashkelon, Israel",ChIJc15oQVGcAhURD9ySMB0hcus,אשקלון,31.6687885,34.5742523
31,"Be'er Ganim, Israel",ChIJ15kZYEaZAhURLHEXEIY4GRY,באר גנים,31.700353999999997,34.610934
32,"Berekhya, Israel",ChIJya0he8ObAhURD89SjpIvvGw,ברכיה,31.66804699999999,34.624296
33,"Hodaya, Israel",ChIJWbuxyH-ZAhURfAQLGaGkSk0,הודיה,31.676356,34.639275
34,"Kibuts Galuyot St 27, Ashkelon, Israel",ChIJu-bnQFqcAhUR7rZJideKUCE,א.ת אשקלון,31.6644157,34.565553799999996
35,"Ami'oz, Israel",ChIJ7ewJuQ6M_RQRf9-1cuu4FXQ,עמיעוז,31.248463,34.413404
36,"Tzohar, Israel",ChIJ9_oCvoyL_RQR66SU1DeqV5Y,צוחר,31.237170000000003,34.426444000000004
37,"Sde Nitzan, Israel",ChIJmWd0PXiM_RQR-w1TS0xhFTw,שדה ניצן,31.230034999999997,34.418363
38,"Talmei Eliyahu, Israel",ChIJSY0jsY-L_RQRwZstWXX_Iw0,תלמי אליהו,31.229611,34.429114
39,,,אוהד,,
40,"Yesha, Israel",ChIJZ2pdghSM_RQRrybzzI_M2aY,ישע,31.247595,34.403090999999996
41,"Mivtahim, Israel",ChIJkUYEbW2M_RQRY6g_hIcgSFM,מבטחים,31.242423,34.407488
42,"Gan Yavne, Israel",ChIJQX6gY9y8AhURWQAyTCEavqM,גן יבנה,31.783056,34.703101000000004
43,"Hatsav, Israel",ChIJb9gQJhy8AhUR8x0fZAX1TkM,חצב,31.780095000000003,34.770571999999994
44,"Hatsor Ashdod, Israel",ChIJXbiuL_28AhUR6lVC6tmcgwY,חצור אשדוד,31.772744,34.719366
45,"כנות, Israel",ChIJ5-0DzYq7AhURqJWbbTOYeD0,כנות,31.8022065,34.75094139999999
46,"Neve Mivtah, Israel",ChIJZVP9g4i7AhUR0G6BocXs7WQ,נווה מבטח,31.806766999999997,34.741231
47,"Bitzaron, Israel",ChIJQUxmMoi8AhUR2CmEeB-rphs,ביצרון,31.7949517,34.729346299999996
48,"Bnei Ayish, Israel",ChIJTxdMWw68AhURb-TkcODRnZk,"בני עי""ש",31.790235,34.759291
49,"Gan HaDarom, Israel",ChIJkyhoqbu8AhUR4xKzSTrcvDI,גן הדרום,31.804056,34.699870000000004
50,"Ein Tzurim, Israel",ChIJty96HqaXAhURDoZRKDyQzZk,עין צורים,31.694936,34.718683
51,"Shafir, Israel",ChIJq1SYZq2XAhUR1Cuoqsc8XMQ,שפיר,31.697557,34.728181
52,"Merkaz Shapira, Israel",ChIJd-meeJ-XAhURh_4F6fgqq1o,מרכז שפירא,31.696927000000002,34.707319
53,"Masu'ot Itzhak, Israel",ChIJ12N_c4GXAhURgNrH2UHtnRc,משואות יצחק,31.702609999999996,34.689968
54,"Kiryat Malakhi, Israel",ChIJCTdn0I29AhURJQjYgjPeeyg,קרית מלאכי,31.730202000000002,34.746996
55,"Timorim, Israel",ChIJyeCQFB2WAhURwORu9TVjA80,תימורים,31.716336,34.761356
56,"Talmei Yehi'el, Israel",ChIJf3NyaNK9AhUR80KwkVH-nvU,תלמי יחיאל,31.753621000000003,34.764308
57,"Kfar HaRif, Israel",ChIJA1aTi2G-AhURopRemuy-v9A,"כפר הרי""ף",31.747028999999998,34.790928
58,"Kfar Warburg, Israel",ChIJbbMrvNKXAhURGuNlMBXa1J0,כפר ורבורג,31.718746999999997,34.72868
59,"Kfar Menahem, Israel",ChIJrfTHK6G_AhUR96S6iaBAIZk,כפר מנחם,31.732077,34.835079
60,"Arugot, Israel",ChIJW7gi0gq-AhURxzke7xA-ppU,ערוגות,31.732798,34.77624
61,"Be'er Tuvia, Israel",ChIJJwZZlnm9AhURahAgUgYbWas,באר טוביה,31.737127,34.725570000000005
62,"Yinon, Israel",ChIJ-S83C3q-AhURS0-8U4Bd-D8,ינון,31.741832000000002,34.780947
63,"Kfar Ahim, Israel",ChIJ3_Gh68a9AhURZIa_ot7a9uM,כפר אחים,31.745864,34.755932
64,"Ben Avigdor St 22, Tel Aviv-Yafo, Israel",ChIJfR_FcnZLHRUR3pzEaHWUmSY,אביגדור,32.066987100000006,34.7900679
65,,,אורות,,
66,"Ahva, Israel",ChIJpTf5zdu9AhUR_AaWnQuWWP4,אחווה,31.742893,34.767848
67,"Al-'Azi, Israel",ChIJMfEatTW-AhURVL4CDnJvczM,אל עזי,31.71886799999999,34.814254
68,"Kissufim, Israel",ChIJbdrJcseF_RQRQVlt4PQ_GoU,כיסופים,31.374545,34.398992
69,"Hatzerim, Israel",ChIJcctZ3Y9vAhURPttz40mmP3A,חצרים,31.240603000000004,34.717427
70,"Be'er Sheva, Israel",ChIJd4efAkBmAhUR2F3rLQHo3gg,באר שבע,31.252972999999997,34.791462
71,"Mas'udein el-Azazme, Israel",ChIJWQ_DsopoAhUR4V6LnazORhY,מסעודין אל עזאזמה,31.199264000000003,34.817448999999996
72,"Tifrah, Israel",ChIJN6-mnUl7AhURn5Yr4B6hE2w,תפרח,31.324471000000003,34.679235999999996
73,"Bitha, Israel",ChIJmclYSKJ7AhUR1WEpsdxq0HI,בטחה,31.333869,34.634318
74,"Gilat, Israel",ChIJPzRcnQ57AhUR_pcOtN6-teY,גילת,31.326321000000004,34.648934000000004
75,"Ta'ashur, Israel",ChIJ_1s-5op8AhURkeco5uCLeFA,תאשור,31.371709000000003,34.643547
76,"Tidhar, Israel",ChIJrfVOM118AhURjmdcGIDnsPE,תדהר,31.37885799999999,34.630364
77,,,ברוש,,
78,"Givolim, Israel",ChIJZyxx25x-AhUR9kZkg3H3_hM,גבעולים,31.397603999999998,34.593821000000005
79,"Mlilot, Israel",ChIJ0WV_up9-AhUR0_CV3s9RI5Q,מלילות,31.389896999999998,34.595242999999996
80,,,מעגלים,,
81,"Shibolim, Israel",ChIJQ3qR1S98AhURHOYLwCxaNVg,שיבולים,31.396397999999998,34.608144
82,"Sharsheret, Israel",ChIJ-7Mqzyx8AhURQl9SyFWKMgY,שרשרת,31.404819,34.604397
83,"Nir Moshe, Israel",ChIJawxrVB2HAhUR70mSbbH4DTw,ניר משה,31.477456,34.630085
84,"Nir Akiva, Israel",ChIJOZxfm6uHAhURny48TYcaHJo,ניר עקיבא,31.469933,34.646166
85,"Pa'amei Tashaz, Israel",ChIJPaxRyQyIAhURhyoSxqvaOWU,"פעמי תש""ז",31.437966999999997,34.692875
86,"Klahim, Israel",ChIJdQMHzNuHAhURwKpzPNnaVEQ,קלחים,31.449795,34.679092
87,"Shavei Darom, Israel",ChIJQz-5SgaHAhURrrW2sTgqjhY,שבי דרום,31.46637699999999,34.638576
88,"Sde Tzvi, Israel",ChIJfaLGzF6IAhUROTaeKo4sxDI,שדה צבי,31.448746999999997,34.713234
89,"Talmei Bilu, Israel",ChIJVWv914OHAhURdSSuX8kRcRw,"תלמי ביל""ו",31.438055,34.644822999999995
90,"Beit HaGadi, Israel",ChIJbRokNN19AhURZXd_kCHwbaM,בית הגדי,31.422839,34.607878
91,"Netivot, Israel",ChIJK-qF2HV-AhURarqClNndXp4,נתיבות,31.423196,34.595254
92,Israel,ChIJS_0Kcwt-AhURjR2PuRmrx9Q,קרית חינוך שדות נגב,31.431040000000003,34.592817
93,"Eshbol, Israel",ChIJsw8LZOqHAhURfXhjLZ-NVR4,אשבול,31.44551599999999,34.666654
94,"Zru'a, Israel",ChIJFwr3UWuHAhURcV0iuM3kr_I,זרועה,31.459133,34.624161
95,"Yoshivia, Israel",ChIJG0s3BViHAhURzpmi-jycU1M,יושיביה,31.444699,34.608784
96,"Mabu'im, Israel",ChIJwyFE0peHAhURAgvMc8-tZ64,מבועים,31.44945,34.65499399999999
97,"Eshkol Regional Council, Israel",ChIJj7jy5GGJ_RQRimzaLgX8qf4,מועצה אזורית אשכול,31.206808399999996,34.4641848
98,,,מפעלי מעון,,
99,"Ein HaBesor, Israel",ChIJR6djShaJ_RQR8UZoR6HY7zk,עין הבשור,31.280895,34.443446
100,"Magen, Israel",ChIJX3aa3CmJ_RQRhb5qDLPiabA,מגן,31.298108000000003,34.427059
101,"Nir Yitzhak, Israel",ChIJ6WSzpAuN_RQRlW7Bg1gRmsg,ניר יצחק,31.236040000000003,34.356702
102,"Sufa, Israel",ChIJvYjJB3qN_RQRQiX9a9qfqt0,סופה,31.238309,34.341986999999996
103,"Holit, Israel",ChIJ_0SyHZ-S_RQRDUoxkb5QtjY,חולית,31.230563,34.32734
104,"Talmei Yosef, Israel",ChIJ0V0XezKN_RQRl4SCp0EtT7s,תלמי יוסף,31.199958000000002,34.363751
105,"Yated, Israel",ChIJ3Zw8mFTt_RQRt7P4fcBDopY,יתד,31.207041999999998,34.326126
106,"Neve, Israel",ChIJtR0ztIDt_RQRTnMX4XnjYA8,נווה,31.162183000000002,34.329827
107,"Pri Gan, Israel",ChIJh0MYABWN_RQR2WebbSDGA9U,פרי גן,31.222015000000003,34.355936
108,"Sdei Avraham, Israel",ChIJN90OuVaN_RQRaqBNlRNAZzA,שדי אברהם,31.211594,34.335692
109,"Shlomit, Israel",ChIJv2GTq9js_RQRxFDgNTc2Dq0,שלומית,31.206486199999997,34.284526
110,"Bnei Netsarim, Israel",ChIJhf044-7t_RQRomaJ_AKj82E,בני נצרים,31.143513000000002,34.316403
111,"Dekel, Israel",ChIJq3puR7Hy_RQRkg_wtJlLepQ,דקל,31.195908000000003,34.346771000000004
112,"Yevul, Israel",ChIJ1yTiE2jt_RQRtG1rwNXSW50,יבול,31.189458000000002,34.318952
113,,,אבשלום,,
114,"Ranen, Israel",ChIJX-fbqdl7AhURwAJLAiBu3Y8,רנן,31.33871,34.600358
115,"Peduim, Israel",ChIJC7O4QMx7AhUR8EjO38Vtttk,פדויים,31.326275,34.612069
116,"Bograshov St 47, Tel Aviv-Yafo, Israel",ChIJoRh2sn9MHRURt_FtjiH3lqE,מסלול,32.0761138,34.7715864
117,"Ofakim, Israel",ChIJX4Hp5Eh6AhURjgCRJy9y3qA,אופקים,31.311336999999998,34.622824
118,"Patish, Israel",ChIJ3cYxw7F5AhURPLO5DidGWCA,פטיש,31.327828999999998,34.559981
119,"Urim, Israel",ChIJTRJBq_Z3AhUR77TvoukSCNc,אורים,31.304094,34.524868
120,"Bnei Darom, Israel",ChIJyyjoc1a7AhURQjSgczEjwvg,בני דרום,31.820870000000003,34.691609
121,Israel,ChIJWRuF_FS7AhUR09fPgwTi4H4,נווה הרצוג,31.8233,34.687861
122,"Nir Galim, Israel",ChIJ99ufpqukAhURWG9COXcvZ4c,ניר גלים,31.82552,34.68254
123,"Ad Halom Bridge, Israel",ChIJ0fXXTdmiAhURNBZVCdWqWQ8,עד הלום,31.781959999999998,34.6694
124,"Ashdod, Israel",ChIJ7-RHdRGjAhURL2OGWhptgJc,אשדוד,31.804381,34.655314000000004
125,"Shtulim, Israel",ChIJywXJ3dKiAhURUsG5_rOT82E,שתולים,31.773687,34.684409
126,"Emunim, Israel",ChIJUd5GCAiYAhUR0P81VRTJcd0,אמונים,31.743885,34.674492
127,"Beit Ezra, Israel",ChIJA_B8mW6YAhURDdmHytkU1vk,בית עזרא,31.736402000000002,34.657514
128,"Giv'ati, Israel",ChIJTydorQSYAhURzk81FXRoEBU,גבעתי,31.733138,34.679478
129,"Ezer, Israel",ChIJsX4ELg6YAhURkULDKpg2ro4,עזר,31.736151,34.671447
130,"Azrikam, Israel",ChIJh0ogEU-9AhURHTo58ZNi7SE,עזריקם,31.751695,34.694818
131,"Sde Uziyahu, Israel",ChIJOxHaMrGiAhUR6460J2Srj68,שדה עוזיהו,31.758437,34.678194
132,"Komemiyut, Israel",ChIJFQUzrSCXAhURZ06yCgjl9hY,קוממיות,31.662583,34.72929999999999
133,"Revaha, Israel",ChIJT7P_9dSWAhURvyPyldfOyyE,רווחה,31.648695,34.733681
134,"Zrahia, Israel",ChIJ9-TyB_aWAhURytuJG34AHrA,זרחיה,31.681742,34.746419
135,"Menuha, Israel",ChIJ-3lgGSGUAhURTDUYSYKYpBY,מנוחה,31.656159000000002,34.777273
136,"Nahala, Israel",ChIJTRnrBDeUAhURlz3O80yesNc,נחלה,31.66,34.792817
137,"Nir Banim, Israel",ChIJRapLoY2WAhUR6dqRcKbz2S4,ניר בנים,31.671177,34.755012
138,"Sgula, Israel",ChIJpQMtmSuUAhURcKb6KksvsBo,סגולה,31.66954599999999,34.778426
139,"1525 Fillmore St, San Francisco, CA 94115, USA",ChIJ8zXoo7mAhYARtoa-WE3d5NE,קדמה,37.7836893,-122.4329965
140,"Vardon, Israel",ChIJF8GfAi-UAhURJbEAsO80kcs,ורדון,31.663822999999997,34.781766
141,"Zavdiel, Israel",ChIJFde-kb2WAhURQglS6Bin8oo,זבדיאל,31.6592451,34.7602609
142,,,אלומה,,
143,"Mefalsim, Israel",ChIJJ1_SDQOBAhURi0TnSnP8kYs,מפלסים,31.50220599999999,34.561674
144,"Ibim, Israel",ChIJoztHmBqEAhUReFaM_e56Evg,איבים,31.533596999999997,34.609697
145,"Gevim, Israel",ChIJXwyik8qGAhURVVc2MIbMCf8,גבים,31.506272999999997,34.598949
146,"ד.נ חוף אשקלון מועצה אזורית שער הנגב, 7915600, Israel",ChIJ7ZPmlkqBAhURbEuDw90q-dI,מכללת ספיר,31.5093864,34.594522999999995
147,"Nir Am, Israel",ChIJ94N8B0SBAhURMfd0kwPHRkM,ניר עם,31.518459000000004,34.580544
148,"Sderot, Israel",ChIJK0K8tVKBAhURChPSGjVEyp4,שדרות,31.52269399999999,34.595581
149,"Nitzan, Israel",ChIJ2ZVvr_KYAhURsaMZETS6gpU,ניצן,31.737517999999998,34.630804
150,"Nitzan Bet, Israel",ChIJF-ekGIuYAhUR4RAzdhjPuXw,ניצן ב',31.737089,34.638234999999995
151,"Nitzanim, Israel",ChIJbx186_2YAhURp9YOUvfIxJQ,ניצנים,31.717845,34.634636
152,"Tel Aviv-Yafo, Israel",ChIJH3w7GaZMHRURkD-WwKJy-8E,תל אביב יפו,32.0852999,34.78176759999999
153,"Glil Yam, Israel",ChIJPQpN3mhIHRUR5TlNctlvTY0,גליל ים,32.158797,34.831876
154,"HaKfar HaYarok, Ramat Hasharon, Israel",ChIJBUH4p7JJHRURLy-v0Ns7vKo,הכפר הירוק,32.135172,34.829305
155,"Herzliya, Israel",ChIJb-UlwQ1IHRURxMFKFMsjoEY,הרצליה,32.162413,34.844675
156,"Kfar Shmaryahu, Israel",ChIJO_2CBdJHHRURSS9CuxEzbGE,כפר שמריהו,32.187123,34.823124
157,"Ramat Hasharon, Israel",ChIJdWZI5UtIHRUREKFBBFqVWY0,רמת השרון,32.137793,34.840278000000005
158,"Shoham, Israel",ChIJ2288Ppw0HRUROqW3rJWv-Tw,שוהם,31.9957581,34.9488403
159,"Ahi'ezer, Israel",ChIJ33feQZjKAhURqwGITxIuR0w,אחיעזר,31.981671000000002,34.871821000000004
160,"Beit Dagan, Israel",ChIJ_8Brfjy1AhURNatGR16AZ_Y,בית דגן,32.0017816,34.829708700000005
161,"Ganot, Israel",ChIJb0RWI9NKHRURfKaglSNCBdw,גנות,32.018204,34.825877
162,"Zeitan, Israel",ChIJu5VSuenKAhURNQu6-JbF-Qk,זיתן,31.975178000000003,34.891732
163,"Hemed, Israel",ChIJASk5DrZKHRURKMMdTxV8qsc,חמד,32.017992,34.841265
164,"Yagel, Israel",ChIJz6ngn7nKAhURSdVBCgwDPyA,יגל,31.987792,34.880262
165,"Kfar Habad, Israel",ChIJDYFcgkK1AhURDazK6ugEzcU,"כפר חב""ד",31.990144,34.849103
166,"Kfar Truman, Israel",ChIJyRxF4jXLAhUR5yNIMi9rY80,כפר טרומן,31.980493,34.927696000000005
167,"Mishmar HaShiv'a, Israel",ChIJgxriHym1AhUR85yu7NVfa98,משמר השבעה,32.010891,34.822337
168,"Tzafria, Israel",ChIJgebiyFO1AhURtr50VB1HVAo,צפריה,32.004315000000005,34.854664
169,"Magshimim, Israel",ChIJEzvi5rE1HRURVVpbzSPMYus,מגשימים,32.044363,34.899834000000006
170,"Mazor, Israel",ChIJ00Uq9hY0HRURh9S2fSnMmDw,מזור,32.050698,34.931373
171,"Nofekh, Israel",ChIJCw8HYEY0HRURWhbUhjhRa_g,נופך,32.043748,34.920306
172,"Nehalim, Israel",ChIJt3KDwTE0HRURTgBW6O065eU,נחלים,32.058597000000006,34.9136
173,"Nahshonim, Israel",ChIJm8qpkas2HRURRK8JSLA-dXY,נחשונים,32.063235999999996,34.947010999999996
174,"Rinatya, Israel",ChIJV7HcAkA0HRURuaRsU1X4bHM,רינתיה,32.044365,34.928477
175,"Einat, Israel",ChIJb_72h8c2HRUR0PhKMt7eMsc,עינת,32.081948,34.937514
176,"Rosh Haayin, Israel",ChIJTbFX6ioxHRURHn9WS3zh798,ראש העין,32.095838,34.952177
177,"Beit Nehemia, Israel",ChIJRY-2LKvMAhURw-aqwQoipEA,בית נחמיה,31.977141999999997,34.953835
178,"Beit Arif, Israel",ChIJI853M7o0HRURZdqxvb8QNiQ,בית עריף,31.995352,34.935103000000005
179,"Bareket, Israel",ChIJof8eG4c0HRUR6Sj-Lnl-zU8,ברקת,32.018344,34.943179
180,"Hadid, Israel",ChIJS-tGzkbLAhUR40kFzRm6dSA,חדיד,31.969428999999998,34.932156
181,"Tirat Yehuda, Israel",ChIJy6DxW440HRUROtOX2eAo5s8,טירת יהודה,32.014833,34.935878
182,"Shoham Center, Israel",ChIJZeBwZaU0HRURhTOLzMKzG8Q,מרכז שוהם,31.991562,34.941558
183,"Rishon LeTsiyon, Israel",ChIJ_2arJzi0AhURuHoaV0rFvBc,ראשון לציון,31.973001500000002,34.7925013
184,"Or Yehuda, Israel",ChIJh6SH2phKHRURJa93EDPAJz8,אור יהודה,32.029748,34.85617300000001
185,"Ganei Tikva, Israel",ChIJ1V1eY401HRURBwQnmFvUCS4,גני תקווה,32.060497,34.873121000000005
186,"Yehud, Israel",ChIJpzw_5m01HRURkMHzaBYKjtk,יהוד מונוסון,32.030339,34.8870985
187,"Kfar Azar, Ramat Gan, Israel",ChIJ_R-6EGdKHRUR3PxCDq3LUic,"כפר אז""ר",32.0584275,34.8417207
188,"Kfar Ma'as, Israel",ChIJdY8cVcQ1HRUR0wKjcgmm9tY,מעש,32.063511,34.892639
189,"Ramat Efal, Ramat Gan, Israel",ChIJR4m_yO9KHRURB4Y7v_OoQtQ,נווה אפעל,32.047236,34.835859
190,"Savyon, Israel",ChIJrdKlZJw1HRUR4eQ2pUFARuA,סביון,32.045589,34.87657799999999
191,"Kiryat Ono, Israel",ChIJbSk8pXlKHRURCJwQHISUFZw,קרית אונו,32.054863,34.85885800000001
192,"Ramat Efal, Ramat Gan, Israel",ChIJR4m_yO9KHRURB4Y7v_OoQtQ,רמת אפעל,32.047236,34.835859
193,"El'ad, Israel",ChIJnw1AdvgzHRURye_13WoFfns,אלעד,32.04953,34.95075
194,"Be'erot Yitzhak, Israel",ChIJjwG9vU00HRURRyeE-n8JJpU,בארות יצחק,32.042025,34.910221
195,"Bnei Atarot, Israel",ChIJb49zxfw0HRURx5QSInW2rF0,בני עטרות,32.02147,34.910146000000005
196,"Giv'at Ko'ah, Israel",ChIJ4wPc8G80HRURnZyxtzCkPVI,"גבעת כ""ח",32.032090999999994,34.938796
197,"Gan Sorek, Israel",ChIJwSfjGkSxAhURZRrkxyNUwxo,גן שורק,31.944011,34.758322
198,"Neta'im, Israel",ChIJDR3JIK22AhURB0F5ofRJf-M,נטעים,31.945689,34.775145
199,"Palmachim, Israel",ChIJAb8pbjWwAhURbYSKY1Bso9M,פלמחים,31.932705,34.706874
200,"Qiryat Shemona, Israel",ChIJSbStEFS9HhURrbtscsZJZDk,קרית שמונה,33.207933000000004,35.570246000000004
201,"כביש 9977, קרית שמונה, 1220800, Israel",ChIJQXGzN3e9HhURqxX6b8qlpfA,תל חי,33.235864,35.578207
202,"Manara, Israel",ChIJ30RNKj6YHhURiPza90g6FP8,מנרה,33.195375,35.543728
203,"Ma'ayan Baruch, Israel",ChIJb6BgUq29HhURsEWjoEf6EWg,מעיין ברוך,33.239349,35.609359000000005
204,"Margaliot, Israel",ChIJq_4krvSXHhURQRATvjlYMD4,מרגליות,33.216474,35.544354
205,"Misgav Am, Israel",ChIJZ22BncuXHhURYfMPmWzfrc4,משגב עם,33.247572,35.548499
206,"Beit Hillel, Israel",ChIJNc0nASG9HhURoVEBEM9g6MU,בית הלל,33.208782,35.606515
207,"Yuval, Israel",ChIJS0b2Xrq9HhURNCLys512a30,יובל,33.246577,35.597063
208,"Kfar Giladi, Israel",ChIJ-UsBh4K9HhURx2MTmV7M83s,כפר גלעדי,33.242078,35.574141999999995
209,"Metula, Israel",ChIJ6w754OK9HhURDDldD2BqBr0,מטולה,33.277232,35.578235
210,"Shdema, Israel",ChIJGxHkWqW7AhURR5rqHfFv2Xg,שדמה,31.833778000000002,34.74009
211,"Kfar Aviv, Israel",ChIJX9_v6Qy7AhURykZ3EmstPzQ,כפר אביב,31.831039,34.722577
212,"Kfar Mordechai, Israel",ChIJ4V1V2Mi7AhURFgn-dQQDib0,כפר מרדכי,31.831504,34.756643
213,"כרם ביבנה, Israel",ChIJKcAkNnq7AhUROHEX11JGrkc,כרם יבנה,31.816957399999996,34.7236186
214,"Meishar, Israel",ChIJ5z1oUOu7AhURsHWr8aD46o8,מישר,31.815935999999997,34.752588
215,"Misgav Dov, Israel",ChIJyzuYJJq7AhUREnfuJ3gLNAM,משגב דב,31.819053999999998,34.739162
216,"Aseret, Israel",ChIJhfyYjr67AhURaYyLipQHPrY,עשרת,31.824913000000002,34.747459
217,Israel,ChIJA4VrY1q6AhURZyT6obwzbdE,צופיה,31.8556962,34.737894299999994
218,"Kvutzat Yavne, Israel",ChIJT_nxzXy7AhURkCrs1JEG4_0,קבוצת יבנה,31.81398699999999,34.719103000000004
219,"Beit Gamliel, Israel",ChIJkbUnDj26AhURu0arzq175pc,בית גמליאל,31.856128000000002,34.760946999999994
220,"Givat Washington, Israel",ChIJKQ0PHHi7AhURlP5u-NwK9Xw,בית רבן,31.817496999999996,34.7289
221,"Ben Zakai, Israel",ChIJMyYZNPi6AhURW5hJUquB-C0,בן זכאי,31.85722299999999,34.727432
222,"Bnaya, Israel",ChIJ_eTWfkq6AhURUD27nYbCBvI,בניה,31.84344399999999,34.751793
223,"Givat Hen, Israel",ChIJwct4Ehs4HRURGTFS4wj2q-w,"גבעת ח""ן",32.16758,34.875514
224,"Ra'anana, Israel",ChIJ4YUw-HI4HRUR0bpdpwAdTxE,רעננה,32.184781,34.871326
225,"Rishpon, Israel",ChIJSzegs7ZHHRURj609UxDsDwo,רשפון,32.201856,34.824723
226,"Beit Guvrin-Maresha National Park, Israel",ChIJuQKlsmTrAhURib1Zc_Ek5ow,בית גוברין,31.601631,34.895464000000004
227,"Beit Nir, Israel",ChIJXbGqVtfqAhURXO2LwiPVjrM,בית ניר,31.647627000000004,34.873107
228,"Gal On, Israel",ChIJWy3BVsaUAhURqurhLqgjy1k,גלאון,31.63337099999999,34.848898
229,"Lachish, Israel",ChIJJ1wXPMOSAhURpHibDAduRUg,לכיש,31.560907,34.84409
230,"Revadim, Israel",ChIJh1S15Na-AhUR60ANzXz0fo8,רבדים,31.773965999999998,34.814807
231,Israel,ChIJWdLBsp6-AhURILedFynegTM,ברורים,31.767771999999997,34.779517999999996
232,"Gedera, Israel",ChIJ01avgGW5AhURMUaFg-ORCIk,גדרה,31.812301399999996,34.77701920000001
233,"Ganei Tal, Israel",ChIJQ4SRTUu5AhURwR2vE1yg3EA,גני טל,31.788573,34.791392
234,"Hafetz Haim, Israel",ChIJS3dPRjS5AhUR-7NhQ5c-9PU,חפץ חיים,31.789319,34.799739
235,"Yad Binyamin, Israel",ChIJ937SB9-4AhURjX5Fb3JPQpk,יד בנימין,31.796684999999997,34.820370000000004
236,"Kidron, Israel",ChIJs_GT0Gy5AhURrbEd1XGr6U0,קדרון,31.814141999999997,34.795548
237,"Beit Elazari, Israel",ChIJgb6558e5AhURtZjRgPfxk94,בית אלעזרי,31.844717,34.806627
238,"Beit Hilkia, Israel",ChIJudlIeSW5AhURUR9P9VwOSA0,בית חלקיה,31.793001,34.809698
239,"Bnei Re'em, Israel",ChIJNVI03r2-AhURfveKDaP92qc,בני ראם,31.769971999999996,34.790463
240,"Abu Ghosh, Israel",ChIJ40bxIN_QAhUR7azWMEhNx4c,אבו גוש,31.806293,35.109193
241,Israel,ChIJB7dZXJvQAhURC4i7SBqvbRk,איתנים,31.7786992,35.095020500000004
242,"Beit Meir, Israel",ChIJNVszRf7PAhURxwbArwcb_20,בית מאיר,31.794786,35.036753000000004
243,"Bar Giora, Israel",ChIJbeirjQ_bAhURbzcdoOtmEhk,בר גיורא,31.729683,35.073414
244,"Giv'at Ye'arim, Israel",ChIJkWRbyY_QAhUR_jyRw0AHR98,גבעת יערים,31.786089,35.09277
245,"Yad HaShmona, Israel",ChIJT3md9PvQAhURKQELmf8ZEDA,יד השמונה,31.80955,35.089617
246,"Yedida, Israel",ChIJtRDMhh_RAhURMPRgKMDDISE,ידידה,31.812281,35.104639
247,"Ksalon, Israel",ChIJaRziwbDaAhURP6beEvG0-1I,כסלון,31.774262,35.048171
248,"Mata, Israel",ChIJKdQ9gULbAhURuctGQmrV-1A,מטע,31.716521999999998,35.060571
249,"Neve Ilan, Israel",ChIJc4qFJ1jQAhURXPH06yir4Rs,נווה אילן,31.807584999999996,35.080921999999994
250,"Nataf, Israel",ChIJJdRSgrrRAhURYU80ccsXDtU,נטף,31.831276000000003,35.06957999999999
251,"Nes Harim, Israel",ChIJP9BEcyDbAhURNuR1dVdXzxg,נס הרים,31.74419199999999,35.059406
252,"Ein Naqquba, Israel",ChIJy8pOQc7QAhURO4Rbs41aVeo,עין נקובא,31.793909999999997,35.11968299999999
253,"Ein Rafa, Israel",ChIJhbTapMjQAhURgMyknCmTDPY,עין ראפה,31.790605,35.116514
254,"Kiryat Ye'arim, Israel",ChIJsa0WDebQAhURapOu2dpW5-A,קרית יערים,31.802774,35.099945
255,"Ramat Raziel, Israel",ChIJobzgioTaAhUR_iQ7wn8knc8,רמת רזיאל,31.773573,35.074447
256,"Sho'eva, Israel",ChIJfUcjP17QAhURxZMEeyq4SFw,שואבה,31.799369,35.079003
257,"Shoresh, Israel",ChIJSWQfCmzQAhURgMUfh7EzZ8g,שורש,31.797488,35.06529700000001
258,"Even Sapir, Israel",ChIJu0VwTVbXAhURuK5LaRytITk,אבן ספיר,31.7625,35.134991
259,"Ora, Israel",ChIJ5SxoFd7ZAhURIAohOUC3v60,אורה,31.752109,35.150165
260,"Mevo Beitar, Israel",ChIJ_TlBscnbAhURu9svi8Ty7CU,מבוא ביתר,31.722592,35.106656
261,"Aminadav, Israel",ChIJN2fAO-TZAhUR4d7Hh5v9Y_8,עמינדב,31.75170499999999,35.142428
262,"Tzur Hadassah, Israel",ChIJjyGoprvbAhUR2HXSA-OgXCg,צור הדסה,31.719374,35.096958
263,"Gvulot, Israel",ChIJE7dGnVSK_RQRrptggvqLSh0,גבולות,31.211168,34.466198999999996
264,"Tze'elim, Israel",ChIJ15tqqL91AhURfwoNkIoyByE,צאלים,31.203909000000003,34.533359000000004
265,"Tlalim, Israel",ChIJf-N2nVURAhURtoUJG_Ej1NU,טללים,30.991511,34.771260999999996
266,"Kmehin, Israel",ChIJGcmz45n-_RQRXE4b6IxY1rk,כמהין,30.910327000000002,34.430725
267,,,מעלה שביט,,
268,"Mashabei Sadeh, Israel",ChIJf_Zs9g0UAhURoSrUZiI8Asg,משאבי שדה,31.00404199999999,34.785028999999994
269,Israel,ChIJqzfmjXf-_RQRXaVPoMejmyk,ניצנה כפר נוער,30.886468,34.421518
270,"Nitzanei Sinai, Israel",ChIJA88UQrX9_RQRMzNzqFAJRZg,ניצני סיני,30.903428,34.396679
271,"Ezuz, Israel",ChIJT6_HCq8B_hQRlNn956piTaA,עזוז,30.792202000000003,34.472404
272,"Kzi'ot, Israel",ChIJS8lGZLL__RQRwXHM04vumBI,קציעות,30.872313000000002,34.467412
273,Israel,ChIJbeaEzaURAhUR6AX3gpHOb8k,ראם תשלובת חקלאית,30.979013000000002,34.723620000000004
274,"Revivim, Israel",ChIJfWP5BlcSAhURlx-NLo_eY0Q,רביבים,31.045195,34.72108600000001
275,"Ruakh ba-Midbar, Israel",ChIJqRD7DAsRAhUR8yATFTLYZt8,רוח במדבר,30.98153499999999,34.733883
276,"Retamim, Israel",ChIJ2URJg34SAhURmcpq2w-bxHo,רתמים,31.054009999999998,34.690902
277,"Shivta, Israel",ChIJ35lUenoEAhUR7i_ds4-M3uM,שיבטה,30.881121000000004,34.630835999999995
278,"Ashalim, Israel",ChIJnW7chjAQAhUR_dKB50kK9pI,אשלים,30.964245000000002,34.699674
279,"Be'er Milka, Israel",ChIJyWUGUg78_RQRqXvrwzcuPvw,באר מילכה,30.934112,34.405643
280,"Bir Hadaj, Israel",ChIJCVBAfmUSAhURgootzaCRF9g,ביר הדאג',31.023159999999997,34.709138
281,Ortal,ChIJpTo6uWuvHhURwzgG4hURsIA,אורטל,33.086236,35.758661
282,Alonei Habashan,ChIJHUvogwWsHhURhKx3OsXsexg,אלוני הבשן,33.044087,35.838507
283,,,יונתן,,
284,Merom Golan,ChIJka8l7tavHhURlicUkeUKIDM,מרום גולן,33.132583000000004,35.77707100000001
285,Ein Zivan,ChIJ1aaOa1quHhUR_wPYsnNLfiY,עין זיוון,33.09645,35.796313
286,"The Gateway Arch, St. Louis, MO 63102, USA",ChIJteVBdWDwwIcRNKiWxoko7Xk,קשת,38.624691,-90.1847763
287,"El-Athamin (South to Nevatim), Israel",ChIJZQcwSUldAhURV-2A1ODOuC4,אל עת'אמין,31.20614599999999,34.879442
288,"Bir Abu el-Hamam, Israel",ChIJqxV1YRpdAhURkCIO7JYICjk,ביר אבו אל חמאם,31.222267,34.896634000000006
289,"Nevatim, Israel",ChIJh-_emmpdAhURoTTl17AkWIM,נבטים,31.219761,34.882488
290,"Shaqib al-Salam, Israel",ChIJswxZt2xoAhURxDNoc52Lr2E,שגב שלום,31.198361,34.839665000000004
291,"Abu Queider El Afauy (South to Nevatim), Israel",ChIJqUU_zlpdAhURp41IpvTpGO4,אבו קוידר אל עפאוי דרומית לנבטים,31.213979,34.873003000000004
292,"Abu Tulul, Israel",ChIJ875c7a5DAhUR2hjBSpbt5vI,אבו תלול,31.142612,34.913514
293,"El-Hamidi, Israel",ChIJ_4jvjVJdAhUR9R9Yz2PmwQA,אל חמידי,31.204259000000004,34.87237400000001
294,"Shomrat, Israel",ChIJoRNbITvJHRURPxMf2JR9QLA,שמרת,32.95148,35.094955
295,"Bustan HaGalil, Israel",ChIJ3fiLeeDIHRURdapvNthFzwk,בוסתן הגליל,32.948636,35.08068799999999
296,"Beit HaEmek, Israel",ChIJL8cV8z7MHRURYxU_-U989SU,בית העמק,32.971014000000004,35.145305
297,"Makr, Jadeidi-Makr, Israel",ChIJqf8xS-_LHRUREOnvAKGA0Uw,ג'דידה מכר,32.935159000000006,35.139038799999994
298,"Kfar Masaryk, Israel",ChIJT2k2nNvJHRURQ-9c5ePQP2c,כפר מסריק,32.891218,35.098414
299,"Nes Ammim, Israel",ChIJvYXPAabOHRURU00xUvMQuVw,נס עמים,32.965465,35.121588
300,"Netiv HaShayara, Israel",ChIJsyo2OSvMHRUReSYB7_nB9qo,נתיב השיירה,32.991184999999994,35.130745000000005
301,"Ein HaMifratz, Israel",ChIJJVkaj8jJHRURi-UI6-NKidU,עין המפרץ,32.902581,35.09303999999999
302,"Acre, Israel",ChIJJZyyA_7IHRURKcNNgOVZmHA,עכו,32.933052,35.082678
303,"Sheikh Danun, Israel",ChIJsTbyisnNHRURJfSAexgAE2A,שייח' דנון,32.9938295,35.14856839999999
304,"Giv'at Shmuel, Israel",ChIJrefIUhBKHRURgGM51orRChk,גבעת שמואל,32.077299,34.849206
305,"Giv'atayim, Israel",ChIJpwmMR7pLHRUR98g1DgIgZ4c,גבעתיים,32.072176,34.808871
306,"Havat Shalem, Israel",ChIJryXWwOBKHRURgD5xXz2HKZY,חוות שלם,32.039601,34.822714000000005
307,"Petah Tikva, Israel",ChIJuVMHo3M2HRURPETBIx9l4M0,פתח תקווה,32.084041,34.887762
308,"Ramat Gan, Israel",ChIJreSU54ZMHRURb1IX5z6_AC0,רמת גן,32.068424,34.824785
309,"Bnei Brak, Israel",ChIJeXLMWyNKHRURhzlCjBfKL6M,בני ברק,32.084932,34.835226
310,"Azor, Israel",ChIJYUAPOjRLHRUR_NH9fByeZTY,אזור,32.029558,34.799648
311,"Bat Yam, Israel",ChIJi7MrQRKzAhURMpxIzGUalrI,בת ים,32.013186,34.748019
312,"Holon, Israel",ChIJOb8zDLu0AhURLeclBWR53fs,חולון,32.015833,34.787384
313,"Derech HaKramim, Israel",ChIJy1r4DlNLHRURVXLQVH03ICY,מקווה ישראל,32.0331743,34.7814667
314,"Kfar HaNagid, Israel",ChIJGUlzL5mwAhUR6BUg0aJSg7U,כפר הנגיד,31.887134000000003,34.748725
315,"Ge'alya, Israel",ChIJf3tezq-wAhURI9MsCF3fx4g,גאליה,31.885644,34.765351
316,"Yavne, Israel",ChIJs32SQXq6AhUR5H65MScHmUE,יבנה,31.877958000000003,34.739449
317,"Re'im, Israel",ChIJ-VWeM-GG_RQRi81n7Ca5bXg,רעים,31.386159000000003,34.458822999999995
318,"Yakhini, Israel",ChIJa6ennyyHAhURidanjkgfWfY,יכיני,31.482205,34.598634000000004
319,,,זוהר,,
320,"Yad Natan, Israel",ChIJm5na_bSQAhURvBuJZ0PRM8E,יד נתן,31.652960999999998,34.704874
321,"Kokhav Michael, Israel",ChIJzX_PSmGaAhURuHqkC-fZVos,כוכב מיכאל,31.631482000000002,34.667794
322,"Negba, Israel",ChIJj5C3BQKaAhURhQuuWmkoySs,נגבה,31.662546999999996,34.679561
323,"Nehora, Israel",ChIJSe4IZ4yQAhUR3S6rcWDOvbA,נהורה,31.621321000000002,34.704496
324,"Noga, Israel",ChIJzfsnC4WQAhURAm1a8o6lXbw,נוגה,31.625690999999996,34.69528
325,"Nir Hen, Israel",ChIJ8ZtvO1mQAhURFqiYuarUIqg,"ניר ח""ן",31.608906,34.714282
326,"Otzem, Israel",ChIJ2YNLAL-QAhUR2dpuqZ3rhYY,עוצם,31.637665000000002,34.705108
327,"Sde Yoav, Israel",ChIJEXLhBA2aAhUR-hFbJAJaolk,שדה יואב,31.645722999999997,34.676849
328,,,שחר,,
329,"E-Ziyadna (South to Rahat), Rahat, Israel",ChIJMTq2bVJiAhURzdiFIaDunFo,א זיאדנה דרומית לרהט,31.367093,34.740095000000004
330,"E-Ziyadna (North to Rahat), Israel",ChIJ2caGQyCKAhURYZ8Hb_J_HFA,א זיאדנה צפונית לרהט,31.414434999999997,34.77579
331,"El-Heil, Israel",ChIJUe9oWdyJAhURYI3ETx21M4M,אל הייל,31.408423,34.748283
332,"Hukok, Israel",ChIJSat2iIs8HBURCin3SjAW3xM,אל חוקוק,32.878631,35.496654
333,"El-Ata'iqa, Rahat, Israel",ChIJaQ4X_kNiAhURa2OBw-xNG_s,אל עתאיקה,31.376914000000003,34.746404999999996
334,"Beit Kama, Israel",ChIJVRgYG3CJAhURSJ_tppYDakQ,בית קמה,31.446565999999997,34.762248
335,"Giv'ot Bar, Israel",ChIJxbXOEMtjAhUR2zhy3Z-9l8A,גבעות בר,31.357209,34.755541
336,"Dvir, Israel",ChIJBxYsk_uKAhURvaJnAFnZaF4,דבירה,31.411699,34.825177000000004
337,,,הוזייל,,
338,"Adanim Youth Village, Israel",ChIJf1MggZ2JAhURaJ7ExjD7G2w,כפר נוער עדנים,31.4375,34.76
339,"Lahav, Israel",ChIJFxZB3Uj1AhURlv-f-Lxvpc4,להב,31.379363,34.871311
340,"Lehavim, Israel",ChIJjTc0QNNhAhURvi4DnHT6Kks,להבים,31.373834999999996,34.816952
341,"צומת, Beit Kama, Israel",ChIJB-UWt3uJAhURgzfdCVK5Nvs,מפעלי אבשלום,31.4424287,34.7610131
342,"Mishmar HaNegev, Israel",ChIJ_9jeWhtjAhUR6t_HZHqiKXw,משמר הנגב,31.364796000000002,34.717968000000006
343,"Rahat, Israel",ChIJmYPjYgtiAhURSKycipB75Hc,רהט,31.394547999999997,34.753934
344,"Shoval, Israel",ChIJFfqQmsSJAhURWfhGAfryX2Y,שובל,31.413734,34.745814
345,"Tirabin al-Sana, Israel",ChIJnd_c7qJjAhURfwMDygo5orU,תראבין א צאנה,31.345481,34.739126
346,"Ben Shemen, 7311200, Israel",ChIJV6fIrmzLAhURypxCfeh8gfw,בן שמן כפר נוער,31.95966499999999,34.929056
347,"Ginaton, Israel",ChIJs18anBvLAhUReR5Ru0f4aiY,גינתון,31.962801000000002,34.913062
348,"Kerem Ben Shemen, Israel",ChIJx-2B_WvLAhURacTW3ViPt-8,כרם בן שמן,31.958896000000003,34.934104
349,"Lod, Israel",ChIJoQbRWlzKAhURGoHKB15E7qw,לוד,31.951014,34.888075
350,"Nir Tzvi, Israel",ChIJr7xkOoi1AhURCEZfk5l1x-c,ניר צבי,31.954403000000003,34.861529
351,"Be'er Ya'akov, Israel",ChIJy7mXtcK1AhUR99sk2N-jKFo,באר יעקב,31.943507,34.839040000000004
352,"Yashresh, Israel",ChIJ5Z7ryha2AhURK9LU21tbEqA,ישרש,31.915667,34.847336999999996
353,"Matsli'ah, Israel",ChIJV-5tUObJAhURYIOr93CWdCk,מצליח,31.906364,34.871278000000004
354,"Tzrifin, Israel",ChIJMYGn-ZW1AhURfrUokzywAgY,צריפין,31.957328000000004,34.840565999999995
355,"Ramla, Israel",ChIJcSCzSQXKAhUREqDRNdWzQAg,רמלה,31.931565999999997,34.872938
356,"Irus, Israel",ChIJnSEad8u2AhURBZU44ytVuZc,אירוס,31.928595,34.776604999999996
357,"Givat Brenner, Israel",ChIJAdXkJGK3AhURxj71smLD6FU,גבעת ברנר,31.866609999999998,34.802254
358,"Gibton, Israel",ChIJ5fSX_xS3AhURMu-45qQEjLo,גיבתון,31.888317999999998,34.79906
359,"Kvutzat Shiller, Israel",ChIJoQX5qWm3AhURcTwnmvysmpQ,גן שלמה,31.878777000000003,34.798901
360,"Netzer Sereni, Israel",ChIJHxOn_mO2AhURAb79xDAp3yg,נצר סרני,31.922789,34.821191
361,"Rehovot, Israel",ChIJj-W_kgW3AhURV_lYF8v4re4,רחובות,31.892773,34.811271999999995
362,"Beit Hanan, Israel",ChIJT0T6GLW2AhURVNd_ylylatM,בית חנן,31.935211,34.775596
363,"Beit Oved, Israel",ChIJgVtI2tK2AhUR4chZ_T9AEAw,בית עובד,31.921287,34.774905
364,"Ness Ziona, Israel",ChIJJbOI0Za2AhURJ70ufX-3YZo,נס ציונה,31.932111,34.801327
365,"Ayanot, Israel",ChIJpdl-_CmxAhURMGQWfk4RNqk,עיינות,31.91579999999999,34.768097
366,"Ahisamakh, Israel",ChIJOXy3ZLXLAhURoJgIvWujKWI,אחיסמך,31.931906,34.908576000000004
367,"Ben Shemen Youth Village, Israel",ChIJOe5JOBPLAhURv4kTE4-jPgI,בן שמן,31.959019,34.927831
368,Si'ir,ChIJCyhpsb7gAhURdc1hqN4OsGk,סיעיר,31.582455,35.143776
369,Abdalla Ibrahim,ChIJVRsBvtbeAhURicvrj0TECfE,עבדאללה איברהים,31.664956,35.166734999999996
370,Rosh Tzurim,ChIJVfpnah7cAhURP2zVraHI2e0,ראש צורים,31.66779099999999,35.125288
371,Beit Ummar,ChIJCyHq9ZLdAhURLl-O9PfmmE0,בית אומר,31.622812,35.102199
372,Bayt Kahil,ChIJ3xAroEXmAhUR7HJqfL-sqoc,בית כאחיל,31.57054699999999,35.068931
373,Bayt Sakarya,ChIJj1THvCHcAhURIQVkhT9dTZw,בית סכריא,31.662876,35.123008
374,Bayt Fajar,ChIJu8EEcETeAhURkKWcuu51uhA,בית פג'אר,31.621635499999996,35.154903000000004
375,Betar Illit,ChIJT1oSV_rbAhURCxq8bq_qRS0,ביתר עילית,31.7010023,35.1119254
376,Bat Ayin,ChIJ-9t5bEncAhURhMEsJnsLPMo,בת עין,31.657653000000003,35.101101
377,Battir,ChIJPemLzJrZAhURUy-OPplJW4I,בתיר,31.728181,35.138032
378,Bayt Jala,ChIJG1dFnETYAhURc8pEC3CXOGU,ג'אלא,31.715999,35.187149
379,Jab'a,ChIJS0oI_PPcAhURWdHnIDwoy74,ג'בעה,31.674467,35.076957
380,Har Gillo,ChIJrXZL10zYAhURQQDvd94iknE,הר גילה,31.722058,35.171490999999996
381,Wadi Fukin,ChIJTfyGz5TbAhUR_tJJfBVqflg,ואדי פוכין,31.707271999999996,35.104193
382,Khirbat Safa,ChIJ8R3yabfdAhURRwUHh8yTvVI,ח'ירבת ספא,31.64261699999999,35.100808
383,Husan,ChIJtZmhZmTZAhUR7Ve1HUEot7k,חוסאן,31.708426,35.133425
384,Halhul,ChIJmdBw-xjnAhURgaDWgn-PG04,חלחול,31.5798898,35.099904200000005
385,,,חסכה,,
386,Kweizba,ChIJtQhcGiPeAhURlmewNKyFwa4,כוויזבא,31.603912,35.152208
387,Kfar Ezion,ChIJ9esxhjLcAhURL6KmolX_97U,כפר עציון,31.649486,35.115234
388,Karmei Zur,ChIJ62_SpWHnAhURjUGe-_TvTvo,כרמי צור,31.609468,35.101273
389,Migdal Oz,ChIJdQ9mf4neAhURUhFCsD-7ZIY,מגדל עוז,31.640932,35.143139
390,Al Aroub,ChIJ_V6-gW3eAhUR6CDSrkveB9w,מועסכר אל ערוב,31.62260199999999,35.13812600000001
391,Marah Al-Baqr,ChIJmW5uc53nAhURaKG1MA1R8ws,מראח אל בקר,31.605667999999998,35.081604
392,Neve Daniel,ChIJ-apqfbPeAhURb71VO6Wo7pI,נווה דניאל,31.67632,35.143293
393,Nahalin,ChIJOzAsp_jbAhURtXfRRSIuFbk,נחאלין,31.685608000000002,35.12036200000001
394,Surif,ChIJXw_C6xbdAhURwHUo_uqCBZs,סוריף,31.649552000000003,35.064712
395,alShuyukh,ChIJKUKEmergAhUREBYKaAopiVw,א שויוח,31.574996000000002,35.149421000000004
396,Al Aroub,ChIJ_V6-gW3eAhUR6CDSrkveB9w,אל ערוב,31.62260199999999,35.13812600000001
397,Alon Shvut,ChIJVwHBwyfcAhURdjq_PikLbJg,אלון שבות,31.654871000000004,35.125256
398,Elazar,ChIJBc8P3r3eAhURqKx0jYUnKsA,אלעזר,31.659676,35.143074
399,,,אפרתה,,
400,Al-Masara,ChIJd4IphzbfAhURZWpeTGkvLa0,מעסרה,31.658258,35.189953
401,Mezad Shim'on,ChIJZ33ny5TfAhUROeoVBRhLLTM,מצד שמעון,31.601868,35.196727
402,Marah Rabah,ChIJL582DQ7fAhURm0liIY72Dk8,מראח רבאח,31.633422999999997,35.186779
403,Nokdim,ChIJd3EZwswgAxUR0ttEmaYrUYM,נוקדים,31.645331,35.244064
404,Ubeidiya,ChIJH8fAgbAoAxURcxhCE_KrgJA,עובידייה,31.72383,35.291821
405,al-Eizariya,ChIJ3RXQRRApAxURdZmIalTY8Rk,עיזרייה,31.769135,35.271533000000005
406,Ilat Ali,ChIJlwUR6mYnAxURT6gDwXBMCWc,עילת עלי,31.676971999999996,35.22177
407,Arab alSham'a,ChIJd0tKqyXfAhURFsaRA79KxrI,ערב א שמעה,31.65461999999999,35.178852
408,Kedar,ChIJ8zlw0tEuAxUR7G_HbjjX0Fk,קדר,31.754384,35.310732
409,Ras Sinsil,ChIJ_WoPb04mAxURjGAkw8fiLoU,ראס סניסיל,31.691451,35.265172
410,Rafida,ChIJ4dDCREMnAxURrcXcTYRj8UY,רפידא,31.667633000000002,35.22673899999999
411,Tuqu',ChIJecBHB1_fAhUR-7L079OEKLw,תוקוע,31.639093,35.21249
412,,,תעמרה,,
413,Tekoa,ChIJ98SaPk0nAxURCPTC3MI2Y44,תקוע,31.652784999999998,35.227517
414,Hebron,ChIJ-2PE7CfkAhURTBMvalxNRr4,א דיר במזרח הר חברון,31.532569,35.09982600000001
415,Abu Nujaym,ChIJhdbcabPYAhURu21nzTIY8AQ,אבו נוג'ים,31.661920000000002,35.199290999999995
416,Umm al-Tala',ChIJ069wv0smAxURCzj9n-2__Js,אום א טלע,31.696828999999997,35.262868
417,Umm Salmuna,ChIJCUNRCOTeAhURxnpG4xfG8CU,אום סלמונה,31.645665,35.165229
418,Umm 'Asala,ChIJKeoQ4RUmAxURc_2muz709n4,אום עסלה,31.699140999999997,35.281913
419,al-Khader,ChIJYdI8_x3ZAhURrePAACr_o80,אל ח'דר,31.694810999999998,35.170745000000004
420,Metzad,ChIJe3G8M9_fAhURaMwCY_-l0Ko,אספר,31.586152000000002,35.187594
421,Irtas,ChIJdfooEezYAhURsyUhGyRZBZE,ארטאס,31.689957,35.188235999999996
422,Bad Fluh,ChIJ6-nPsl4nAxURz6zmeyJhS0w,בד פלוח,31.669249,35.219529
423,Buwaidi'a,ChIJgXqg_3AnAxURlGCcm3jwfIo,בווידיעה,31.683946000000002,35.228412
424,Hebron,ChIJ-2PE7CfkAhURTBMvalxNRr4,ביאדה בהר חברון,31.532569,35.09982600000001
425,Bayt Rahal,ChIJKbVDt9PYAhUR8smC1NhP39c,בית רחאל,31.670686,35.178490999999994
426,"Ha-Biluyim St 9, Gedera, Israel",ChIJ01avgGW5AhURK77L-yJpgrA,בית תעמר,31.8150576,34.77280579999999
427,"Basma, Israel",ChIJ1yMQEh8HHRURl7bTE5W5qtM,ברד'עה,32.52940100000001,35.103199
428,Jahalin,ChIJW7C3UD0pAxURvFcTS74mWPY,ג'האלין,31.764899,35.281138
429,,,ג'וב א רום,,
430,Juhazm,ChIJmyV1GzsmAxURBxHEDZ6lFFA,ג'והזם,31.705446000000002,35.272951000000006
431,Jorat al-Sham'a,ChIJtxIOtyHfAhURDL-BTMGs7s0,ג'ורת א שמעה,31.650025,35.174198
432,Dahr Halat al-Jami',ChIJExQLErDYAhURApEu02RRZLg,ד'הר חלת אל ג'אמיע,31.668884999999996,35.202744
433,Dheisha,ChIJ7-Iks-_YAhURTYLAh_SJxRk,דהיישה מחנה פליטים,31.693516,35.184562
434,,,ואדי אל עראיס,,
435,Za'tara,ChIJWy25FgMnAxUReou1o0mVlN0,זעתרה,31.674444,35.255091
436,Harzan,ChIJseqB_I0oAxURmrDvl-r1jBE,ח'רזאן,31.733553999999998,35.269247
437,Hujayla,ChIJLTo1HswnAxUR1i0N_vjU72k,חוג'ילה,31.709459000000003,35.253381
438,Harmala,ChIJ4UdtLFcnAxURJDI5KKSBY_w,חרמלה,31.6610022,35.2219894
439,Kfar Eldad,ChIJLXWNey8nAxURmu39720BCT0,כפר אלדד,31.653953,35.250995
440,,,מיניה,,
441,Ma'ale Adumim,ChIJk_sscakuAxURGL1i9kMPn7Y,מעלה אדומים,31.777369,35.297955
442,Ma'ale Amos,ChIJtaqZmm4gAxUR2az8ugEqJhY,מעלה עמוס,31.596887,35.22936500000001
443,"Uza, Israel",ChIJsxO7FYORAhUR84hNicGwQ9k,עוזה,31.593041999999997,34.764524
444,"Kiryat Gat, Israel",ChIJO6bnsmaRAhUR_WhTM9BYac8,קרית גת,31.611147999999996,34.768459
445,"Sde Moshe, Israel",ChIJhY3j8pOTAhURgPsbG-xzGWU,שדה משה,31.610982,34.800427
446,,,שלווה,,
447,"Even Shmuel, Israel",ChIJOdn1V-2RAhURhdCul0vD0Z8,אבן שמואל,31.576428999999997,34.762963
448,"Ahuzam, Israel",ChIJifW3owGOAhURL_ytd2dy3FA,אחוזם,31.552682,34.770151
449,"Eitan, Israel",ChIJQ-PGN8ORAhUR1LO-dKC2-Ok,איתן,31.572213,34.747909
450,"Gat, Israel",ChIJqV1UmwqUAhUR-TgO1L_tK4c,גת,31.627796000000004,34.794112
451,"Mabhur, Israel",ChIJdzxXH1mRAhURffroUmW1vXM,מבחור,31.620886,34.771006
452,"No'am, Israel",ChIJKbYTMhaSAhUROXkCLewrKDg,נועם,31.568566999999998,34.788160999999995
453,"Bror Hayil, Israel",ChIJzdOvTgGFAhURH25hET-HLnY,ברור חיל,31.55698499999999,34.646547
454,"Gvar'am, Israel",ChIJNasOSbqEAhURKJ0lcNbNEI8,גברעם,31.591461,34.612156
455,"Heletz, Israel",ChIJD0CQjDmFAhUR9ZURRHo3lWQ,חלץ,31.57794,34.658390999999995
456,"Sde David, Israel",ChIJwdskz1WFAhURwOBRvRrXydw,שדה דוד,31.577476,34.683443
457,"Tlamim, Israel",ChIJXaBYTGiFAhURdqrdHOKIUYI,תלמים,31.563415999999997,34.67199799999999
458,"Givat HaShlosha, Israel",ChIJ71S4du82HRURt7nSHbChgKo,גבעת השלושה,32.096340000000005,34.920628
459,"Gat Rimon, Israel",ChIJ2xpU8eg1HRURyL-eW3oYLf4,גת רימון,32.068104999999996,34.881362
460,"Kfar Sirkin, Israel",ChIJIRMfqpA2HRURaKLE6vMZSpY,כפר סירקין,32.076684,34.922763
461,Israel,ChIJo6u6sgQ3HRURm4P0sAcC1X4,תעשיון השרון,32.11378,34.917535
462,"Shefayim, Israel",ChIJ3f4qFapHHRURF7ShebYE2o0,שפיים,32.216586,34.822409
463,"Tel Yitzhak, Israel",ChIJA4-wvlo_HRUR_t85v95T7CU,תל יצחק,32.252745000000004,34.872378000000005
464,"Mishmeret, Israel",ChIJ018qlMw-HRURDA_y8-baMJ0,משמרת,32.227585999999995,34.922055
465,"Nir Eliyahu, Israel",ChIJxzaVCmA5HRURumMU6jTIG20,ניר אליהו,32.197593,34.949375
466,"Azri'el, Israel",ChIJq7SMoMc9HRUR-ryABU3MBoQ,עזריאל,32.262840999999995,34.971133
467,"Ein Vered, Israel",ChIJ23n8N2A-HRURRxqP5V2tsbs,עין ורד,32.264466999999996,34.930704999999996
468,"Ein Sarid, Israel",ChIJTxhZ024-HRURv94eaFdhQ7E,עין שריד,32.274901,34.93418
469,"Porat, Israel",ChIJa-FkMXU-HRURh2MBPNjVAdU,פורת,32.277081,34.948816
470,"Pardesiya, Israel",ChIJdalN4Ss-HRURIdbQPYGBuRY,פרדסיה,32.305011,34.911731
471,"Kokhav Ya'ir Tzur Yigal, Israel",ChIJASkhr2E8HRURJo34OtDD4H4,צור יגאל,32.220921999999995,34.992405
472,"Tzur Yitzhak, Israel",ChIJVUVJLv48HRURwUY2MQqcx9E,צור יצחק,32.241478,34.997997999999995
473,"Tzur Moshe, Israel",ChIJa0SpHi4-HRURLtlA0M9G6ps,צור משה,32.298911,34.913117
474,"Tzur Natan, Israel",ChIJZ1ge_h49HRUR-PpiyQT0HK0,צור נתן,32.239672999999996,35.01402
475,"Kadima Zoran, Israel",ChIJVZVfOUU-HRURvdBpZUKuFrE,קדימה צורן,32.277644,34.919297
476,"Qalansawe, Israel",ChIJHdsyNog9HRUR2EoZbFzG54A,קלנסווה,32.285790999999996,34.981487
477,"Ramat HaKovesh, Israel",ChIJ6_9an005HRUR5jgE5GFwC7k,רמת הכובש,32.218313,34.93828999999999
478,"Sde Warburg, Israel",ChIJ9w22DeE4HRUR_gnMwChhnVc,שדה ורבורג,32.208690999999995,34.90325
479,"Sha'ar Efraim, Israel",ChIJ3cHaD9IXHRURA8v8lUP7qQg,שער אפרים,32.290662,34.999448
480,"Tel Mond, Israel",ChIJu0-f5e8-HRURBlCmorTe13Q,תל מונד,32.256608,34.918459999999996
481,"Even Yehuda, Israel",ChIJ54VM3XM_HRURVtFg88Uc7AI,אבן יהודה,32.276648,34.885087
482,"Udim, Israel",ChIJZaSZNrxAHRURCvQJF3wC7to,אודים,32.266865,34.846995
483,"Arsuf, Israel",ChIJn2qGBVNGHRUR25vAgvFLYJc,ארסוף,32.212841,34.815977000000004
484,"Beit Yehoshua, Israel",ChIJu4mNTV4_HRURhNi5Wq5rBeg,בית יהושע,32.262075,34.865418
485,"Bnei Zion, Israel",ChIJr5ETMZk4HRURDfeIkMl09JA,בני ציון,32.219839,34.868378
486,"Batzra, Israel",ChIJTb-cT5E4HRUR4k7dgq5mnHc,בצרה,32.214541,34.878122999999995
487,"Ga'ash, Israel",ChIJf0I8ZhtHHRURf-XKDoPfn64,געש,32.228477000000005,34.824411
488,Israel,ChIJr6j4kGRHHRUR0C37E9ZWnQs,ורדים מוסד חינוכי,32.218787,34.856058000000004
489,"Harutzim, Israel",ChIJpbwd5KA4HRURP4Ufy4zfzh4,חרוצים,32.227709999999995,34.86477199999999
490,"Yakum, Israel",ChIJd4p-9EpHHRURLfcDOj3SYn8,יקום,32.249196000000005,34.84190299999999
491,"Kfar Netter, Israel",ChIJ8xRbCHA_HRURAdMZSYTbqwk,כפר נטר,32.271928,34.871978999999996
492,Israel,ChIJpbwd5KA4HRURH3g9GYKWqkw,קרית שלמה,32.2343696,34.8621579
493,,,אייל,,
494,"Gronemann St 11, Tel Aviv-Yafo, Israel",ChIJB8IqNWBJHRURDSZK8wOmAyU,אילנות,32.106567600000005,34.798928000000004
495,"Beit Berl, Israel",ChIJgTrZfhM5HRURbWuTyKKOtRQ,בית ברל,32.199789,34.926039
496,"Bnei Dror, Israel",ChIJ884LsBw_HRURDG4oXkYvi4w,בני דרור,32.261795,34.901790999999996
497,"Geulim, Israel",ChIJbRcTNQI-HRURTapC24dvh7M,גאולים,32.296487,34.943862
498,"Herut, Israel",ChIJUQt-Tdo-HRURZs79nQZStmU,חרות,32.240973,34.914127
499,"Tayibe, Israel",ChIJ8SbNFG89HRURx2OUrhtBw3Y,טייבה,32.266892,35.009675
500,"Tira, Israel",ChIJvV1edqA-HRURCI9I8JDfWuM,טירה,32.235465999999995,34.950506
501,"Ye'af, Israel",ChIJL_ikY8E9HRUREPF599F2kE8,יעף,32.268254,34.967425
502,"Kokhav Ya'ir Tzur Yigal, Israel",ChIJASkhr2E8HRURJo34OtDD4H4,כוכב יאיר,32.220921999999995,34.992405
503,"Kfar Hess, Israel",ChIJX_srRJE-HRURM5rgs_iji3Y,כפר הס,32.247721000000006,34.935137
504,"Kfar Yavetz, Israel",ChIJW_lgu-k9HRURP5BDCA3o5jE,כפר יעבץ,32.273945,34.965463
505,"Kfar Avoda, Israel",ChIJ08z7AYY-HRURJLeYK9rBFGM,כפר עבודה,32.255731,34.93966899999999
506,"Sdei Hemed, Israel",ChIJ87FNrYw5HRURQWL2eEhfljM,שדי חמד,32.158488,34.94280620000001
507,Oranit,ChIJydhTXHw6HRURszEbqlqexaQ,אורנית,32.131924,34.990809999999996
508,"Elishama, Israel",ChIJoQjSbug5HRURjab-QlbQD-U,אלישמע,32.154778,34.930461
509,"Jaljulia, Israel",ChIJZ_jE1x86HRURlSxvIn-PmpA,ג'לג'וליה,32.1524568,34.9539749
510,"Ganei Am, Israel",ChIJX11HAoE3HRURAt1_kbJLvgE,גני עם,32.149838,34.903358000000004
511,"Hod Hasharon, Israel",ChIJZ7bkiCc4HRURpSQrqNrNBR8,הוד השרון,32.149961,34.88387879999999
512,Hable,ChIJrZaJAEw6HRURBDHy57FT53k,חבלה,32.163844,34.97828
513,"Haroe St 92, Ramat Gan, Israel",ChIJV1GE7jZKHRURKBdM0LdW608,חגור,32.0805224,34.8253674
514,"Horshim, Israel",ChIJCwXP6Aw6HRUR3FkG2LuBuqc,חורשים,32.137875,34.97102
515,"Yarhiv, Israel",ChIJfef18BU6HRURAomunxO5sBs,ירחיב,32.151536,34.967991999999995
516,"Yarkona, Israel",ChIJP96lLoU3HRUR9UyQYbgEQXM,ירקונה,32.144524,34.897882
517,"Kafr Bara, Israel",ChIJN40cfaAwHRURNbMfmDQn_-Q,כפר ברא,32.130911,34.970108
518,"Kfar Malal, Israel",ChIJj1ofiDo4HRUReRtRQaATUas,"כפר מל""ל",32.167567,34.894744
519,"Kafr Qasim, Israel",ChIJt0P2iZUwHRURAnS98h0GfZ0,כפר קאסם,32.114093,34.972767
520,"Matan, Israel",ChIJ1dbX80c6HRURr2f5wbb9cfk,מתן,32.159377,34.97319
521,"Neve Yarak, Israel",ChIJ27v-A2k3HRURaXP_TeNpyF4,נווה ירק,32.132729,34.925488
522,"Nirit, Israel",ChIJWV4x8mc6HRUR-4Vp_nhaquo,נירית,32.146206,34.984821999999994
523,"Adanim, Israel",ChIJQUPUp3c3HRURU8bLXqFzlLY,עדנים,32.138798,34.909147999999995
524,"Ramot HaShavim, Israel",ChIJKwDjJhk4HRURvKSrGVIIjm0,רמות השבים,32.16509,34.881543
525,"Ganei Hadar East, Israel",ChIJe1WNWte3AhUR7S1zIoy9uzk,גני הדר,31.8782413,34.857588
526,"Ganei Yohanan, Israel",ChIJn-T4LvO3AhURVtIn0KjN73M,גני יוחנן,31.859924,34.840827000000004
527,"Hulda, Israel",ChIJz3tnUubHAhURCvCP09lf8Ik,חולדה,31.83215,34.881523
528,"Yad Rambam, Israel",ChIJ-9SS5ZvJAhURLqoqK3x4EV8,"יד רמב""ם",31.899841,34.900086
529,"Yesodot, Israel",ChIJtWVkj4jHAhURSAS3eLlmAq0,יסודות,31.815834999999996,34.86563599999999
530,"Yatzitz, Israel",ChIJ7SKK0OG3AhURPz6zjDXTxzs,יציץ,31.863226,34.861903000000005
531,"Kfar Bilu, Israel",ChIJ4ayYTZq3AhURVlodP-iFMW0,"כפר ביל""ו",31.870475,34.826734
532,"Kfar Bin Nun, Israel",ChIJE8cYTirJAhURFHeVh0gOjJA,כפר בן נון,31.861679,34.947191
533,"Kfar Shmuel, Israel",ChIJGV3Wp0bJAhURH1Ji82sW3cY,כפר שמואל,31.888259,34.934819
534,"Karmei Yosef, Israel",ChIJYXmpzuzIAhURODA-J-TB7Mw,כרמי יוסף,31.848024,34.921347
535,"Mazkeret Batya, Israel",ChIJD6srcPW3AhURV_icJ0eT6pE,מזכרת בתיה,31.853167,34.842421
536,,,"מרכז קניות ביל""ו",,
537,"Mishmar Ayalon, Israel",ChIJw1KruzHJAhUR_SRqdWweq5o,משמר איילון,31.872478000000005,34.943253000000006
538,"Mishmar David, Israel",ChIJC2dSD87HAhURyySx7tVhMsM,משמר דוד,31.82355799999999,34.900676000000004
539,"Na'an, Israel",ChIJ49ZmNtS3AhURIoqtsPkmheg,נען,31.883208000000003,34.859237
540,"Netser Khazani, Israel",ChIJKW7bAIrHAhURc21uOioMETU,נצר חזני,31.8214,34.862553999999996
541,"Sitria, Israel",ChIJ4RrJWMq3AhURW4EqPoLmE5w,סתריה,31.889853999999996,34.842094
542,"Azaria, Israel",ChIJqTXhVAvJAhURSCffl1KKywM,עזריה,31.890495,34.911871999999995
543,"Pedaya, Israel",ChIJeyh6OhXIAhURHMip6ILlT30,פדיה,31.857768,34.883774
544,"Petahia, Israel",ChIJ9UuktkfIAhURi1EU2M-H0GY,פתחיה,31.866957,34.88687
545,"Kiryat Ekron, Israel",ChIJDwHxaiq4AhURNLqn5ZfAVGk,קרית עקרון,31.862546999999996,34.8219576
546,"Ramot Meir, Israel",ChIJVcMtlNu3AhURpJ41hAdwSI4,רמות מאיר,31.874444,34.855208000000005
547,"Beit Hashmonai, Israel",ChIJ3fHjYW3JAhURmUmbDdXrTFY,בית חשמונאי,31.890297999999998,34.917598999999996
548,"Beit Uziel, Israel",ChIJQTVQoVXIAhURE4bsx0tcF74,בית עוזיאל,31.87005,34.904858000000004
549,"Gezer Regional Council, Israel",ChIJuYz6kyPJAhUR_2Yx2qTW2mM,גזר,31.859228899999998,34.884486700000004
550,"Sde Nehemia, Israel",ChIJlc7bAs28HhURyodA_chAksc,שדה נחמיה,33.188234,35.62307
551,"Shamir, Israel",ChIJ6clXIK-kHhURzX2XaEGjsFU,שמיר,33.166754,35.659949
552,"Lehavot HaBashan, Israel",ChIJ29X-9XijHhURrSApe1GggEE,להבות הבשן,33.1412178,35.6478714
553,"Neot Mordechai, Israel",ChIJpZug4PaiHhURrmSuy2Vg8iQ,נאות מרדכי,33.159785,35.595602
554,"Amir, Israel",ChIJ2cSbSDCjHhUR62nQxLVS-6c,עמיר,33.17772610000001,35.6198305
555,"Kfar Szold, Israel",ChIJcRrhxWC7HhURRrforqucBU8,כפר סאלד,33.196034999999995,35.657993
556,"Kfar Blum, Israel",ChIJ7_YtPeCiHhURvRjedygNPBw,כפר בלום,33.172527,35.607938
557,"Gonen, Israel",ChIJ9wpPCIyjHhURxBxPxlvTOBQ,גונן,33.1240353,35.6461519
558,"E-Nabari, Hura, Israel",ChIJzanKP8heAhURfeo163LYrA8,א נבארי,31.282466999999997,34.941101
559,"AlSayid Tribe, Israel",ChIJuyJt5L5eAhUR8xLzhptptKQ,א סייד,31.281719,34.916298
560,"Abu Jaber (South to Meitar), Hura, Israel",ChIJE3NCvSRfAhURd4EuoZeEuKs,אבו ג'אבר דרומית ממיתר,31.312164000000003,34.934897
561,"El-Atauna, Meitar, Israel",ChIJoZ0KOfteAhURahRVcbXZHsY,אל עטאונה,31.302482,34.916719
562,"A'sam, Israel",ChIJO9N_915eAhURMtDdloBmt9s,אעצם,31.295816,34.903102000000004
563,"Hura, Israel",ChIJuer8HtleAhURiJ_m5Rh7NJo,חורה,31.300399,34.935688
564,"Kiryat Anavim, Israel",ChIJk2o3MiDRAhURiEBjwDAPIio,כרמים,31.812108000000002,35.118312
565,"Carmit, Israel",ChIJg0iNIqNfAhURIkkSD33eg2w,כרמית,31.332182,34.896813
566,"Mulada, Israel",ChIJgaITh2hZAhUR7wLoLx5gze0,מולדה,31.261071,34.975564
567,"Meitar, Israel",ChIJywaOwk5fAhURuGooyArkHY8,מיתר,31.327011,34.943213
568,"Sansana, Israel",ChIJW14CKnr1AhUR_bTDZhxqW5U,סנסנה,31.36176499999999,34.901003
569,,,עוקבי,,
570,"Yehiam, Israel",ChIJjVVxl64yHBURFnpS8w6lj8A,יחיעם,32.996109000000004,35.22109100000001
571,"Manot, Israel",ChIJ_e1b5MLSHRURVqz1KipI4IQ,מנות,33.038709000000004,35.195156
572,"Neve Ziv, Israel",ChIJsQ6JppHSHRURA_GegO55xNc,נווה זיו,33.027399,35.184329999999996
573,"Avdon, Israel",ChIJg6_VCfvSHRUR2_aqwKxsoHg,עבדון,33.048792,35.179128000000006
574,"Ein Ya'akov, Israel",ChIJdVfmLlstHBUR-FUrDn0h8VU,עין יעקב,33.009312,35.229024
575,"Ga'aton, Israel",ChIJ3wxMx6rSHRURlTxx0vEk6yM,געתון,33.006075,35.213831
576,"Mesilat Zion, Israel",ChIJAwqVuInPAhURQlZiY-ttmXI,מסילת ציון,31.801448999999998,35.009463000000004
577,Nuba,ChIJQTqpYN_nAhUR7fDbAifVKZo,נובא,31.607383000000002,35.03913000000001
578,"Neve Michael, Israel",ChIJmcE3O-XCAhURu8f9xlcPBV0,נווה מיכאל,31.673049,35.00671
579,"Neve Shalom, Israel",ChIJ56w71WXPAhURtDmECNBsWJA,נווה שלום,31.817427000000002,34.978334999999994
580,"Naham, Israel",ChIJ_elSnATFAhURKQCQd4FXnbM,נחם,31.7664783,35.0035723
581,"Nahshon, Israel",ChIJQzl0AUzPAhURVFQFo-uPWE4,נחשון,31.831615999999997,34.955985999999996
582,"Netiv HaLamed-Heh, Israel",ChIJu1CHbE3CAhUR7TqGxeCO0cU,"נתיב הל""ה",31.687184000000002,34.982523
583,Israel,ChIJZds6Qk7EAhURguz7gMWD46Q,פארק צרעה,31.762482000000002,34.981962
584,"Tslafon, Israel",ChIJeWG13RTGAhURkhDlTzIkSLI,צלפון,31.805599,34.931796999999996
585,"Tsor'a, Israel",ChIJ3zkYHDrEAhUR5bRx3QfU0iA,צרעה,31.762653000000004,34.966931
586,"Rogalit, Neve Michael, Israel",ChIJ301QhfrCAhURh81DJJ3bvww,רוגלית,31.672753999999998,35.003668
587,Telem,ChIJVaa0eq_oAhURDloxSAGH2hk,תלם,31.563051,35.031240000000004
588,"Ta'oz, Israel",ChIJg5WyWu3FAhURCw9VyEmDenE,תעוז,31.801288,34.971971999999994
589,"Tarum, Israel",ChIJg2lvl7vFAhUR1dAvjr0jn1w,תרום,31.783306,34.980238
590,Tarqumiyah,ChIJMwzpUMboAhURLzTfa88Wkq4,תרקומיא,31.57733,35.014174
591,al Dayr,ChIJRUloeLjCAhURyCGftwqPmDY,א דיר במערב הר חברון,31.655232,35.025616
592,"Aviezer, Israel",ChIJpe1mjyHDAhURXxycqTTUPBs,אביעזר,31.681996,35.018821
593,"Aderet, Israel",ChIJG4WvBmLCAhURpxRSnxFQ1dU,אדרת,31.659715000000002,34.994440000000004
594,Umm 'Allas,ChIJCfUI317oAhURVUFEGqE7Nyw,אום עלאס,31.602078000000002,35.012471000000005
595,al-Qilla,ChIJfetFHFDoAhURm9_V-jYUK5Y,אל קילא,31.611646,35.004847
596,"Eshtaol, Israel",ChIJG3zxtmzFAhURPE4HqQ8LXj8,אשתאול,31.780385,35.010102
597,Bayt Ula,ChIJTesxFmPoAhUR_CX490j4R6w,בית אולא,31.598421999999996,35.026375
598,"Beit Jimal, Israel",ChIJL9DQa4zDAhURuky5-zNeJ8Q,בית ג'מאל,31.724542,34.976521000000005
599,"Bet Shemesh, Israel",ChIJ3_279V3EAhUROO_7ElUqB-A,בית שמש,31.747040999999996,34.988099
600,"Beko'a, Israel",ChIJT49dP57IAhURtFlC2qyq2A8,בקוע,31.827899,34.924732
601,"Giv'ot Eden, Israel",ChIJZROLsuvCAhURKpYE_hLu1YQ,גבעות עדן,31.662171,35.013876
602,"Givat Shemesh, Israel",ChIJtysM_YHGAhURXt_EVr6hhkY,גבעת שמש,31.774189,34.95055
603,"Gizo, Israel",ChIJnSN3ig3GAhURf19YlU7QlGM,גיזו,31.805584999999997,34.939653
604,"Deir Rafat, Israel",ChIJz_qIBYHGAhURgkRYvJ0-TbE,דייר ראפאת,31.77652999999999,34.947439
605,"Abba Hillel Silver Rd 3, Ramat Gan, 5211802, Israel",ChIJnRF7XsdLHRUR5stumrpTSww,הראל,32.0838904,34.8030192
606,"Zano'ah, Israel",ChIJ-UU2pIjEAhURP-Km5OJ1saQ,זנוח,31.733813,34.999369
607,Kharas,ChIJPz88K-HnAhURQ5rQbB4zdDg,ח'ראס,31.612218,35.044251
608,"Tal Shahar, Israel",ChIJF299ZrLHAhURBQjZ688w5CA,טל שחר,31.804403999999998,34.903271999999994
609,"Yish'i, Israel",ChIJNSddmhfEAhUREowmd-Px5Yk,ישעי,31.752969,34.962586
610,"Kfar Uria, Israel",ChIJJXKPLnHGAhURZc4PuOfeIB0,כפר אוריה,31.793398999999997,34.944757
611,"Mahseya, Israel",ChIJYWVPtu_EAhURvIhrC4CVPT4,מחסיה,31.748858000000002,35.007259999999995
612,Latrun,ChIJSa1IvBPPAhURC4BFgKxH4w4,מנזר לטרון,31.832721999999997,34.97981
613,,,יפתח,,
614,"Malkia, Israel",ChIJPTsJXlqeHhURSjWhFoKHEw8,מלכיה,33.098589000000004,35.509624
615,"Merkaz Kah, Israel",ChIJSQkWIfyhHhURQw_lJO3e1RM,"מרכז כ""ח",33.120222999999996,35.56963500000001
616,"Ramot Naftali, Israel",ChIJv9hewG-fHhURv7Cp1RO9gl4,רמות נפתלי,33.102354,35.553313
617,"Dishon, Israel",ChIJgS4p6jWeHhURLyp_kZ-Qrck,דישון,33.082318,35.517571999999994
618,"Hadera, Israel",ChIJuyXRUkISHRURPeSPe4UTvjo,חדרה,32.4340458,34.9196518
619,"Or Akiva, Israel",ChIJt4_KK0wMHRURCojPQ5J-3z4,אור עקיבא,32.509965,34.920394
620,"Caesarea, Israel",ChIJA7IQOvgMHRURy83PkxVSxUo,קיסריה,32.519016,34.904544
621,"Sdot Yam, Israel",ChIJTdsxIm0NHRURFhk2llGwZJw,שדות ים,32.492613,34.89315
622,"Binyamina-Giv'at Ada, Israel",ChIJA17NbaEOHRURmWwDeLxh30w,בנימינה גבעת עדה,32.517078000000005,34.955096000000005
623,"Jisr az-Zarqa, Israel",ChIJuYN5Z2MMHRURPnaFy_G1wOw,ג'סר א זרקא,32.536262,34.911569
624,"Givat Nili, Israel",ChIJC4IOrtUHHRURew4cl1Zy-Qw,"גבעת ניל""י",32.549043,35.041194
625,"Kfar Glikson, Israel",ChIJad8K_SQPHRUR8-nxF5w4dNE,כפר גליקסון,32.505824,35.00354
626,"Ma'agan Michael, Israel",ChIJq4pDnJALHRURB_m2NY1iD1I,מעגן מיכאל,32.55871,34.917815999999995
627,"Amikam, Israel",ChIJJ8_r5GgIHRURO1tUEqizmNA,עמיקם,32.564626000000004,35.020326000000004
628,"Regavim, Israel",ChIJG6lfraYIHRURN4YZLk2tLPI,רגבים,32.52344,35.033986999999996
629,"Aviel, Israel",ChIJNVCSCigJHRUROOT4FjzHJRU,אביאל,32.531346,34.993493
630,"Alonei Yitzhak, Israel",ChIJXayP0S8PHRURZ68kFbP9mSM,אלוני יצחק,32.509997,35.00519999999999
631,"Beit Hanania, Israel",ChIJwSkE72wMHRURuExTWKI_qgk,בית חנניה,32.529503999999996,34.926734
632,"Bat Shlomo, Israel",ChIJvYt5ToanHRUR2mJ1bEbeQ1U,בת שלמה,32.600335,35.003837
633,"Dor, Israel",ChIJ47xF_GsKHRURM-fR-k7O_Qw,דור,32.607802,34.923316
634,"HaBonim, Israel",ChIJfZTl6b6gHRURiWmgjcRTCX0,הבונים,32.636586,34.932704
635,"Zikhron Ya'akov, Israel",ChIJQb0k838JHRUR5sbs5Nm1J9s,זכרון יעקב,32.573904999999996,34.951977
636,"Kerem Maharal, Israel",ChIJc-kE5f6mHRURGSwKUcII7oA,"כרם מהר""ל",32.644325,34.99145
637,"מאיר שפיה, Israel",ChIJsxUxI-oJHRURfsrjykg4Hf4,מאיר שפיה,32.5912213,34.9710703
638,"Ma'ayan Tzvi, Israel",ChIJma9iDtALHRURILWYSE2xIXU,מעיין צבי,32.568484000000005,34.940622999999995
639,"Merkaz Meirav, Israel",ChIJPRlfUyanHRUR_qiEAgFq6E8,"מרכז מיר""ב",32.647259999999996,34.964089
640,"Nahsholim, Israel",ChIJGb8IG24KHRURY5vbfsRNIIo,נחשולים,32.61309,34.92225
641,"Ofer, Israel",ChIJPcvqfG2nHRURg9LWKi3IFaw,עופר,32.621882,34.983472
642,"Ein Ayala, Israel",ChIJD_tMaLGgHRURa3reHKQ32bM,עין איילה,32.629963000000004,34.944296
643,"Fureidis, Israel",ChIJR4CZl_UJHRURkK7fyvHteQc,פוריידיס,32.597351,34.951899
644,"Tzrufa, Israel",ChIJQbR1NdKgHRURZRZuPzOA4RU,צרופה,32.647822,34.946455
645,"Beit Oren, Israel",ChIJj28OXRelHRUR_9P0nBXjk-M,בית אורן,32.731601,35.00632
646,Israel,ChIJS4wFJg2lHRURL5xV74HObOc,גבעת וולפסון,32.72022,35.016055
647,"Daliyat al-Karmel, Israel",ChIJNQtx4HOvHRURExfHRc_irzg,דאלית אל כרמל,32.693796,35.055446999999994
648,"Isfiya, Israel",ChIJ6ctT8eqvHRURBz_DkYib61E,עספיא,32.720737,35.059087
649,"Shu'alei Shimshon St 2, Ramat Gan, 5238602, Israel",ChIJFbxXhjVKHRURogJ_zZbd2NY,בית צבי,32.0784145,34.8217109
650,"Geva Carmel, Israel",ChIJO-5kZdKmHRURg-pr_gsuEzA,גבע כרמל,32.662163,34.954078
651,Israel,ChIJGQR39jWkHRUR_hKekXWQN5U,ימין אורד,32.7016285,34.9898458
652,"Megadim, Israel",ChIJ2xjLJ32kHRUR6KrAKZbLMZU,מגדים,32.727734000000005,34.960923
653,"Neve Yam, Israel",ChIJ6w-gfT-hHRURNyBUcIK3TJk,נווה ים,32.679769,34.93188
654,"Nir Etzion, Israel",ChIJG7FVcjWkHRURAdwcLgamr_4,ניר עציון,32.699125,34.992526
655,"Ein Hod, Israel",ChIJddBLzzmkHRURkMOC5V8NBjc,עין הוד,32.700292,34.982715999999996
656,"Ein Hawd, Israel",ChIJnd_MOcylHRURdeGyu-I6Xyw,עין חוד,32.691361,34.999058000000005
657,"Ein Carmel, Israel",ChIJF4GigLOmHRURhn-IC5dsXcY,עין כרמל,32.677912,34.953676
658,"Atlit, Israel",ChIJJZV9LlGhHRURUyiKM6eBGjQ,עתלית,32.690875,34.942914
659,"Shekef, Israel",ChIJr1BCru_tAhURvhmWTpPCMFY,שקף,31.51489,34.937318
660,Al Bira,ChIJ0dq2cI3zAhUR2CNPEYQmPuc,אל בירה בהר חברון,31.4361213,34.9256527
661,"Amatzia, Israel",ChIJD5czZ6LtAhURK2SzSRidLUM,אמציה,31.531176000000002,34.914463
662,Eshkolot,ChIJ-UWMQwD1AhUR7dgxQgIttdA,אשכולות,31.391171000000003,34.904856
663,"Lynchburg, VA, USA",ChIJAQQykHjZsokRYeIgyF7ztsM,בורג',37.4137536,-79.14224639999998
664,Bayt al-Rosh al-Fawqa,ChIJc_wl57jzAhURNSeDNtn-4gw,בית א רוש אל פוקא,31.452678000000002,34.926241
665,"Bayt Mirsim, Israel",ChIJ3c5A2KPzAhURgef65CUcctg,בית מירסים,31.453869,34.91217
666,"Bnei Dkalim, Israel",ChIJn4b4eoXtAhUR3CTHWaUctcI,בני דקלים,31.517188,34.917033
667,"Eliav, Israel",ChIJXeQDV7_tAhUR0wDVhyVoNdc,כרם עמי,31.530203000000004,34.928414000000004
668,"Karmei Katif, Israel",ChIJbVuKgqbtAhUR1TduLtD1q4c,כרמי קטיף,31.537825,34.911993
669,"Neta, Israel",ChIJE5IDm0fyAhUR0vcsoR3B8Cs,נטע,31.477892999999998,34.927774
670,"Shomria, Israel",ChIJfW_3e6L0AhURwArnpNwErHE,שומריה,31.432153999999997,34.88409499999999
671,"Sdot Micha, Israel",ChIJ39Z_GxHBAhUR9eYTLwvZy9s,שדות מיכה,31.721353999999998,34.920683000000004
672,"Srigim-Li On, Israel",ChIJw1tDp-7BAhURP43lRM1OYAY,שריגים,31.678566999999997,34.93509
673,"Tirosh, Israel",ChIJUz2PQMjAAhURcxpkkKLn9ss,תירוש,31.750346999999998,34.885915000000004
674,"Givat Yeshayahu, Israel",ChIJq7PTl_DBAhURY3ckbuNd1HQ,גבעת ישעיהו,31.67168,34.943738
675,"Gefen, Israel",ChIJq-kzBJbAAhUR5wKQdeGWEuI,גפן,31.740765999999997,34.878563
676,"Zekharia, Israel",ChIJU_7sZHvBAhURuYs4oVaYNKA,זכריה,31.708811999999998,34.944708
677,"Kfar Zoharim, Israel",ChIJPQdXNLTrAhURjUxe_1Q_K9g,כפר זוהרים,31.622631,34.925669
678,"Luzit, Israel",ChIJ749OMyPAAhURNxPkhTkEmFE,לוזית,31.688209000000004,34.888222
679,"Nehusha, Israel",ChIJvRliZYjpAhURJMARP11Ya5c,נחושה,31.628847999999998,34.952732
680,"Agur, Israel",ChIJc5ma2LPBAhURrmvqUw6ntxI,עגור,31.697475,34.912024
681,"Tzafririm, Israel",ChIJaRSuRwfqAhUR2SCUn9XN9MY,צפרירים,31.659618,34.944326000000004
682,,,א שייח' אחמד,,
683,Abu Salman,ChIJawJibYs6HRUR_Sci5eQsaos,אבו סלמאן,32.140361,34.998989
684,al-Mudawwar,ChIJTawiWek6HRURwjOs8cGql2g,אל מודוור,32.143218,35.01222600000001
685,Alfei Menashe,ChIJTfwCQxY7HRURuqLDB0RXTQU,אלפי מנשה,32.170631,35.014858000000004
686,Elkana,ChIJzW69PwcwHRURDzHvoJ9avRc,אלקנה,32.110566,35.032053999999995
687,Biddya,ChIJwxCOCXQlHRURGWPuMZNEedw,בידיה,32.113366,35.077465000000004
688,Bayt Amin,ChIJQa4Ezr46HRURI6eCEfGFqx0,בית אמין,32.131863,35.021907
689,Jinsafut,ChIJTVWGhGAhHRURbpvYo2bTqhk,ג'ינסאפוט,32.180632,35.130154
690,Deir Istiya,ChIJyZxJ5JAmHRURlzPiwn9stUY,דיר איסתיא,32.130762,35.140136
691,Khirbat al-Nabi Elias,ChIJ-ZcfMGg7HRURpfqcl6rGy3Q,ח'ירבת א נבי אליאס,32.184632,35.016089
692,Khirbat al-Ashqar,ChIJL3lhe8E6HRURBeoL8hi2tR0,ח'ירבת אל אשקר,32.140211,35.020122
693,Khirbat Asale,ChIJq2Ag-kk7HRURw141x1K-dPw,ח'ירבת עסלה,32.17183,35.032959000000005
694,Khirbat Ras al-Tira,ChIJL977ORw7HRURd135Pd7hbLA,ח'ירבת ראס א טירה,32.161714,35.010221
695,Ras Atiya,ChIJlYJ3j1Y6HRURPldJWNRxePY,ח'ירבת ראס עטיה,32.158854,34.991489
696,Yakir,ChIJB2Z6SBckHRUROO6tcU8mD6I,יקיר,32.149831,35.114631
697,Kafr Laqif,ChIJF3BP0IQjHRURgGE44NIYrbE,כפר לאקף,32.182406,35.090540999999995
698,Kafr Thulth,ChIJ1yqnTtEkHRUR8tWL90s7pUM,כפר ת'ולת,32.152799,35.04529
699,Mas'ha,ChIJE0REPlglHRUR3jTYdyri3oU,מסחה,32.107264,35.050974
700,Ma'ale Shomron,ChIJj9CHmpEkHRUR16y8uVYrUdo,מעלה שומרון,32.165406,35.069744
701,Nofim,ChIJXfgvBGwkHRURwxelDaqNVGg,נופים,32.155458,35.09984
702,Saniriya,ChIJhQNcqTclHRURx630id3eDAo,סניריא,32.129166999999995,35.047442
703,Sarta,ChIJ3RIYzpolHRURHRjOzK6PSAo,סרטא,32.103334999999994,35.091838
704,Azzun,ChIJFWDxj6MkHRURELumjty0FQM,עזון,32.177101,35.055957
705,Azun Atme,ChIJ63X79aI6HRURgwcaEuD_Iss,עזון עתמה,32.123667,35.018481
706,Immanuel,ChIJEXIw8VIhHRURW_qxgxkIG1U,עמנואל,32.160688,35.136036
707,Ets Efraim,ChIJ_w90Wk4lHRURugs3i2A4Jtc,עץ אפרים,32.119403000000005,35.046367
708,Zufim,ChIJX8U8XGI7HRURCtULdyH8wkQ,צופין,32.197318,35.008912
709,Qalqilya,ChIJDTLnSJA7HRURB9zZ5ROM0I4,קלקיליה,32.196015,34.981513
710,Qarawat Bani Hassan,ChIJd1aogrQlHRUR0te4OGJOj1Y,קראות בני חסן,32.128505,35.099378
711,Karnei Shomron,ChIJ7XmqxYkjHRURsInfr6xw34E,קרני שומרון,32.171553,35.097462
712,Sha'arei Tikva,ChIJu52QnKU6HRURZV_qdtLybXQ,שערי תקווה,32.120678999999996,35.026998
713,"Gan Haim, Israel",ChIJoSbk-wE5HRURN9YUHH5UXtA,גן חיים,32.195761,34.906957
714,"Kefar Sava, Israel",ChIJX5VRIbM5HRURajf6VPPFUI4,כפר סבא,32.178195,34.90761
715,"Neve Yamin, Israel",ChIJ_35Hspo5HRURg0bksSeAyqA,נווה ימין,32.171692,34.939378000000005
716,"Tzofit, Israel",ChIJGcNHrA85HRURPlZ8b0zcU4c,צופית,32.19488,34.920085
717,"Eilot, Israel",ChIJy7uiSm1uABUR0-px_lXxMOc,אילות,29.580547999999997,34.963023
718,"Eilat, Israel",ChIJC155JONxABUR2_Z3VfiVHf4,אילת,29.557669,34.951925
719,Alei Zahav,ChIJsXLT0LkvHRURORe-kzT06nc,עלי זהב,32.072227000000005,35.064135
720,Pedu'el,ChIJ_RmosjMuHRURza2-nKqnhCU,פדואל,32.062478999999996,35.052619
721,Rafat,ChIJbzJsEdovHRURY1-bnxoSOk4,ראפאת ליד פדואל,32.078686,35.045287
722,Rantis,ChIJDUlO5hgyHRURiBo0pnSbWi4,רנתיס,32.029973,35.018972999999995
723,,,ג'ילג'יליא,,
724,Dayr al-Sudan,ChIJs2b0Yh8pHRURTwaqTfuh--0,דיר א סודאן,32.031883,35.148975
725,Deir Abu Masha'al,ChIJ08tfNJUtHRURfTP9_mT9wf4,דיר אבו משעל,32.004214000000005,35.0598856
726,Deir Nidham,ChIJE-S_8hwsHRURebE8gN34vi4,דיר ניזאם,32.002823,35.113728
727,Dayr Ghasana,ChIJx8cE9eMuHRURO3M2lzWCmfs,דיר ע'סאנה,32.046374,35.098124
728,Khirbat Qeis,ChIJowidH3koHRURX1hdTbgnSno,ח'ירבת קיס,32.063147,35.177797999999996
729,Halamish,ChIJPdzDEVMpHRURoG2Z1Mfuyeg,חלמיש,32.008313,35.128876
730,Yasuf,ChIJ8UmkH8HYHBURqN9eEbmgM_c,יאסוף,32.109371,35.239715000000004
731,Kaubar,ChIJpTWRStgrHRUR4q6cE4wZQJg,כובר,31.989948,35.158443
732,Kufr al-Dik,ChIJUeFPrqcvHRURAVFUNMekJNA,כפר א דיכ,32.068694,35.080583000000004
733,Kafr Ein,ChIJuW7WViovHRURNDWf0Xeau5I,כפר עין,32.045124,35.123807
734,Kfar Tapuach,ChIJHednJdLYHBURTDueAqfEsys,כפר תפוח,32.117973,35.249829
735,Luban e-Sharkiya,ChIJdX6Q-UPYHBURigHBSyyr9g8,לובאן שרקיה,32.070745,35.242027
736,,,מזאריע א נובאני,,
737,Ma'ale Levona,ChIJmXdh4iLYHBURHYHihkOY0go,מעלה לבונה,32.054435999999995,35.239503000000006
738,Nabi Saleh,ChIJW0c5D7MuHRURIYqOeXMmkfM,נבי סאלח,32.016219,35.12453
739,As-Sawiya,ChIJLcpbd_7YHBURdQKtaFrYtH0,סאוויה,32.085165,35.256761
740,Sinjil,ChIJPVCArH7XHBURZc_V_XEIOYY,סינג'יל,32.033607,35.263935
741,Aboud,ChIJT3XHdtktHRURRV-g79LVPyM,עאבוד,32.016539,35.06880700000001
742,Abwein,ChIJP2vdVTooHRURUHdMKiW3coc,עבווין,32.030795,35.201015000000005
743,Ajul,ChIJWQK7DK0pHRURcPTUbsWj_K8,עג'ול,32.023036,35.180439
744,Birzeit,ChIJV870LBkqHRURtX2cz4hPtyc,עטארה ליד ביר זית,31.975314,35.196042
745,Ateret,ChIJIwHd_JspHRURLKF-LvHSnCE,עטרת,32.001207,35.176982
746,Amuriya,ChIJ5RDzlPknHRURhbBD7QZ3r2E,עמוריה,32.063983,35.210473
747,Bani Zeid al-Sharqiya,ChIJBePpHlkoHRURd_XMwlP-jVI,ערורה,32.040709,35.17387799999999
748,Qarawat Bani Zeid,ChIJn77hnzIvHRURIKZGy12KSPg,קראות בני זיד,32.052539,35.125431
749,Al-Lubban Al-Gharbi,ChIJGV1B-v0xHRURytJTWMTXF3s,א לובאן,32.035776,35.038365
750,Beit Aryeh-Ofarim,ChIJs6g1cRouHRUR3VsB3DaFYIw,בית אריה,32.040059,35.049471999999994
751,Bruchin,ChIJv1kW_28vHRURbhiXgnRs92E,ברוכין,32.082231,35.094113
752,Dayr Balut,ChIJiYm1m88xHRURRFHlK_r1voA,דיר בלוט,32.065033,35.025549
753,Zawiya,ChIJO1mc-OEvHRURU9ftpnr5-Y0,זאוויה,32.094671000000005,35.039276
754,"Ofarim St, Eilat, Israel",ChIJi04_tfhxABURXZgDsV1ZuPY,עופרים,29.558350899999997,34.951575299999995
755,Shuqba,ChIJR92m6H8tHRURKeTZSdv9WT0,שוקבא,31.98908299999999,35.039516
756,Umm Safa,ChIJOUx5oXQpHRURQUHvTDCVSJg,אום ספא,32.008869,35.165696000000004
757,Iskaka,ChIJX9kXi5rYHBURy9o7l7j3pTs,איסכאכא,32.102921,35.224548999999996
758,,,בורהאם,,
759,Bruqin,ChIJceFIkWwvHRURuYo5hJ6Jo_A,בורוקין,32.072613,35.098406
760,Bayt Rima,ChIJWaX9XuouHRURMDODKzbpS70,בית רימא,32.032333,35.103293
761,Jibya,ChIJParbQnspHRUR3TeJJbvt1pI,ג'יביא,31.99713999999999,35.161111
762,"Ahad Ha'Am St 14, Tel Aviv-Yafo, Israel",ChIJZx4mmJxMHRURIGnpTiymfs4,פסגות,32.0634977,34.769441799999996
763,Qibya,ChIJpaU-deoyHRURWLxWw1jzBWg,קיביא,31.97868099999999,35.012721
764,Qalandiya,ChIJSSTiZ3nVAhURKRH4jKrj5n4,קלנדיה,31.861596999999996,35.207914
765,Ras Karkar,ChIJE2hLcccsHRURRqvIjql5oMk,ראס כרכר,31.942694,35.103905
766,Giv'at Ze'ev,ChIJ96gDaVLUAhURaK2OU1S8VJw,ראפאת ליד גבעת זאב,31.861189000000003,35.167252000000005
767,Ramallah,ChIJ0Vgt2kzVAhURdiyLzBdNbb8,רמאללה,31.9037641,35.203418400000004
768,Shabtin,ChIJF3UonW8tHRURxqWBofKoSm0,שבתין,31.974290999999997,35.050558
769,Ein Qiniyye,ChIJnQlh7Pq5HhURKiS1_Ouk9tM,עין קיניא,33.236680199999995,35.731306200000006
770,"Ein Eyov Waterfall, Capernaum, Israel",ChIJXYBjdPYXHBUROensq_4827I,עין איוב,32.872285,35.552439899999996
771,Ein Yabrud,ChIJ45bU2c_VHBURXKr22z3abIo,עין יברוד,31.953259000000003,35.249852000000004
772,Ein Sinya,ChIJ1UYUUAjWHBUR7sXvUXPQJ58,עין סיניא,31.972239000000002,35.227965999999995
773,Ein Arik,ChIJV8D5A7rUAhURg1kGLd_9-sY,עין עריכ,31.907266999999997,35.14305
774,Na'ale,ChIJn8J95BUtHRURkCxuugu1i9E,נעלה,31.962594,35.065976
775,Surda,ChIJKYKoMGMqHRURpIAr4SYoCv8,סורדה,31.941752,35.203179999999996
776,"Hotel, 45 Seventh Street, Garden City, NY 11530, USA",ChIJi6d3FTh9wokRIv4-CPe9zsY,ספא,40.724537,-73.6406037
777,Kokhav Ya'akov,ChIJVRU6sc4qAxURtbZqCA8gr0w,כוכב יעקב,31.880152000000002,35.242773
778,Kafr Ni'ma,ChIJa7KZ_jDTAhUR4Imac41NqKw,כפר ניעמה,31.924437,35.09692500000001
779,Kafr 'Aqab,ChIJ09J1SJkqAxURtkL9iucZsy8,כפר עקב,31.87195629999999,35.226935299999994
780,Mazra'a al-Qibliya,ChIJ5-NzEQsrHRUR_YmGEJu1Ryk,מזרעה אל קיבליה,31.951601,35.150742
781,Nahliel,ChIJf1tnLJIrHRURsCakIwsrhkU,נחליאל,31.973542,35.140431
782,Nili,ChIJH32MiFwtHRURoxS1sBVZ0C4,"ניל""י",31.963415,35.047270000000005
783,Dayr Qadis,ChIJ3W0RTVMtHRURMVTjLJxVh2A,דיר קדיס,31.948562,35.045121
784,Khirbat Ras al-Tira,ChIJL977ORw7HRURd135Pd7hbLA,ח'ירבת א טירה,32.161714,35.010221
785,Kharbatha al-Misbah,ChIJ4yHvVE_SAhUR3zHK9F6177c,ח'ירבת אל מיסבאח,31.885265999999998,35.072072999999996
786,Kharbatha Bani Harith,ChIJx2VQBS4tHRUR0kUiRlLJnlg,ח'ירבתא,31.945399,35.072502
787,Beit Horon,ChIJawlzIIHTAhURdBKcLCKFDhM,טירה ליד בית חורון,31.879890000000003,35.124097
788,Talmon,ChIJ8Utp6F0rHRURUIj--CwvyMY,טלמון,31.93947499999999,35.133131
789,Yabrud,ChIJQxFmIG7WHBURlQeycku4Wqc,יברוד,31.975286999999998,35.243821999999994
790,Jalazone,ChIJMVIYtnUqHRUROy0wQ-oXLxQ,ג'לזון,31.951612,35.212517
791,,,ג'מאלא,,
792,Jifna,ChIJj6pp4ffVHBURsyX5Ul6m8QE,ג'פנא,31.963463,35.215092
793,Giv'at Asaf,ChIJW8W2-xrVHBURx5-AWgl4kVg,גבעת אסף,31.911475,35.250071999999996
794,Dolev,ChIJ86jhQlErHRUR3gkuw3_PY9g,דולב,31.926249,35.133590999999996
795,Dura el-Kari'a,ChIJo7-zKu7VHBURu_3aRPPTMC0,דורא אל קריע,31.958519,35.225893
796,Dayr Ibzi',ChIJvRdXxlDTAhURqWZMiW73wa0,דיר איבזיע,31.916154,35.120532
797,Deir 'Ammar,ChIJBxiSG_QsHRURSIW_ffnoxQQ,דיר עמאר,31.966931,35.099759999999996
798,Baytillu,ChIJL40oim8sHRUR3WlK4HaIvOQ,ביתילו,31.976599,35.114167
799,Baytin,ChIJPSJotQrVHBUR9yucMecxN7s,ביתין,31.926481,35.236911
800,Janiya,ChIJIxsb1aYsHRURS-lip6xoGVY,ג'אניה,31.938419,35.123984
801,"Geva St, Jerusalem, Israel",ChIJ_QcgcCnWAhURdgrVBQP6nv8,ג'בע מצפון לירושלים,31.782108,35.211413
802,Bayt Duqu,ChIJacjACwvUAhUR0gYZsNQDJXM,בית דוקו,31.859416999999997,35.130739
803,Beit Horon,ChIJawlzIIHTAhURdBKcLCKFDhM,בית חורון,31.879890000000003,35.124097
804,Bayt Liqya,ChIJ8WaRdSPSAhURHEaC5ZqajUQ,בית ליקיא,31.869937,35.065202
805,Bayt Sira,ChIJ5ZrnvQzSAhURvvVEET0T7TA,בית סירא,31.88743,35.045320000000004
806,Beit Ur al-Tahta,ChIJHbqtuKrTAhURwLsgyoMTfoA,בית ע'ור א תחתא,31.895181,35.083874
807,Beit Ur al-Fauqa,ChIJ5eueaJ3TAhURrIVNVpAVQkU,בית ע'ור אל פוקא,31.886181,35.114256
808,Beitunia,ChIJueiM4d_UAhURrUMzt8YAvak,ביתוניא,31.889281,35.169813
809,,,אבו שח'ידם,,
810,Al-Bireh,ChIJkS-til3VHBURpJMoXYMfB5Q,אל בירה,31.912563000000002,35.221717
811,Burqa,ChIJY8dheOAdHRURxZ9pHaO4arM,בורקה,32.301365000000004,35.192933000000004
812,Bil'in,ChIJk08uO8XSAhUR7dApWMK9V4E,בילעין,31.92851599999999,35.070954
813,Birzeit,ChIJV870LBkqHRURtX2cz4hPtyc,ביר זית,31.975314,35.196042
814,Beit 'Anan,ChIJ4zp7x-PTAhURgGBMFWNw-mc,בית איענאן,31.851065000000002,35.111719
815,Beit El,ChIJpfssYIXVHBURTn3MbVjJysI,בית אל,31.94159999999999,35.222734
816,Al-Ram,ChIJgzhGeIoqAxUR5YRDPaMDVD0,א ראם,31.849252000000003,35.233489
817,Abu Qash,ChIJz-yetFsqHRURQ_Hjexey9cA,אבו קש,31.950733000000003,35.184719
818,Budrus,ChIJAawMZiozHRURe2Bl8s-ORRc,בודרוס,31.967678000000003,34.993693
819,"Gimzo, Israel",ChIJZUmabI7LAhURxZfVJyCKjeA,גמזו,31.927217,34.941128000000006
820,Hashmona'im,ChIJ2wSxdmnNAhUReLlVw-ZvFC0,חשמונאים,31.93263099999999,35.023269
821,"Kfar Daniel, Israel",ChIJKdy_ZZfLAhUR-KZlPBH6_4k,כפר דניאל,31.933521000000002,34.932306
822,"Kfar Ha-Oranim, Israel",ChIJhx55PX3NAhURQrYgNKEvoKE,כפר הארנים,31.919928000000002,35.036910999999996
823,Kfar Rut,ChIJ8aYWuIHNAhURMUi-v3N2x8A,כפר רות,31.910378,35.035309000000005
824,Lapid,ChIJcXkiX3nNAhURKk2kje1N1IM,לפיד,31.917521999999998,35.032191
825,Mevo Horon,ChIJq9baoCHOAhURKTf6CT5L-Yk,מבוא חורון,31.849597999999997,35.034977000000005
826,"Mevo Modi'im, Israel",ChIJe6gFn_vMAhURVOVD2cutugQ,מבוא מודיעים,31.933851,34.98799899999999
827,"Modi'in-Maccabim-Re'ut, Israel",ChIJNZp8usTNAhURAzIT5b9sX68,מודיעין מכבים רעות,31.890266999999998,35.010397
828,Modi'in Ilit,ChIJXaX1D6HSAhURtQvB7jEn2ZY,מודיעין עילית,31.932477000000002,35.042265
829,al-Midya,ChIJZcrjHhrNAhURDu20BheKvnc,מידיה,31.936093,35.004574
830,,,מתתיהו,,
831,"Nof Ayalon, Israel",ChIJTXHKeonOAhURJFMFXgzqi98,נוף איילון,31.871215000000003,34.991321
832,Ni'lin,ChIJqUUuukjNAhURGv90a_gvYE8,ניעלין,31.946842999999998,35.021460999999995
833,"Shilat, Israel",ChIJlTsCBQvNAhURb8UrDD4WxVg,שילת,31.921173,35.014571999999994
834,"Sha'alvim, Israel",ChIJ5VxMeI3OAhURhoY9A3pOhlQ,שעלבים,31.870234999999997,34.984303999999995
835,"Rakhma, Yeruham, Israel",ChIJTTOhKFM_AhURQbu0tK4ks48,רח'מה,31.010452,34.949988
836,,,אל מחד'י צפונית לדימונה,,
837,"El-Ghul (North to Dimona), Israel",ChIJf4UEAshFAhURuaeTsj5pDVo,אל ע'ול צפונית לדימונה,31.100949,35.005401
838,"El-Amrani (South West to Dimona), Israel",ChIJPSc_C1NGAhURmJJWnlqaHfE,אל עמראני דרום מערב לדימונה,31.044195000000002,35.001706
839,"Dimona, Israel",ChIJU_6mLAFGAhUR0RKnIKBwupY,דימונה,31.069419,35.033363
840,"Hawashla, Israel",ChIJawQpxSZEAhURZelnRHrNAX4,הוואשלה,31.09222699999999,34.979069
841,"Yeruham, Israel",ChIJAa6V6yE_AhURjyBESg85Ogk,ירוחם,30.987803999999997,34.929741
842,"Qasr al-Sir, Israel",ChIJFcu18ptGAhURbXPl5Dc7eas,קסר א סיר,31.083329,34.979579
843,"Qarnab Abu Silb, Dimona, Israel",ChIJTx-NbohIAhURJ_arsuzDD4E,קרנב אבו סלב,31.028376,35.050723
844,Israel,ChIJuREBlhg6AhUR3Lk-zfFF5lU,אורון,30.910142999999998,35.017804
845,"El Abid, Israel",ChIJ_V-H009WAhURCByrgPEsGd4,אל עביד,31.265044,35.091313
846,"El-Qur'an B, Israel",ChIJEd4js8FWAhURebKqvnm_OZQ,אל קורעאן ב,31.229640000000003,35.10205
847,"El-Qureishi, Israel",ChIJNWwCmE5WAhURwfZYLMwFIWU,אל קרישי,31.269167,35.089046999999994
848,"El-Qar'an (South to Arad), Arad, Israel",ChIJuT-QXR1VAhURRuduj4_BAQM,אל קרעאן,31.226467,35.183196
849,"El-Qar'an (South to Arad), Arad, Israel",ChIJuT-QXR1VAhURRuduj4_BAQM,אל קרעאן דרומית לערד,31.226467,35.183196
850,,,אל קשכר,,
851,"Janabib, Israel",ChIJC2FTVh5WAhURW5MZhquZ_wA,ג'נאביב,31.287156,35.108132
852,"Drijat, Israel",ChIJf9dHKHn4AhURxI0O69iCF-g,דריג'את,31.301885,35.076793
853,"Zabarga, Israel",ChIJAy53uf5ZAhUR7Y4sNjHRXvw,זבארגה,31.236449,35.03419
854,"Kukhleh, Israel",ChIJ6wjNQI1XAhURC7oBDwD5eMY,כוחלה,31.287112,35.048572
855,"Kuseife, Israel",ChIJ-b7RcP1WAhURDLNMw_Fe-u4,כסיפה,31.249246000000003,35.083681
856,"Makhul, Israel",ChIJMRceP85XAhURUS83FEuzqnw,מכחול,31.288515000000004,35.075736
857,"Nasasra, Israel",ChIJJyzsE-RZAhURkd1DhmqPhbY,נצאצרה,31.247033000000002,35.032332000000004
858,"Arad, Israel",ChIJC-qoAAIAAxURl8EhejtlMgI,ערד,31.261446999999997,35.214862
859,"Ar'arat an-Naqab, Israel",ChIJTw6yM7RaAhURmt2nklYVmCM,ערערה בנגב,31.160927,35.019757
860,"Kabu'a, Israel",ChIJaSfgSi1VAhURdY6VrTWrSLo,קבועה,31.225087,35.214754
861,"Qudeirat As Sani, Israel",ChIJSWfgzaH4AhURLTUdkTzSuho,קודייראת א צאנה,31.293107,35.10564
862,"Qishkar Nabari, Israel",ChIJd9YFSrD4AhURra9mBI9yzmc,קשכר נבארי,31.297625,35.118316
863,"E-Dahabshe, Arad, Israel",ChIJKyraPzhUAhURff2G6w9BWy0,א דהאבשה,31.226043,35.147482000000004
864,"Abu Joda, Israel",ChIJR1igRJFWAhURKX-QNG-wgg8,אבו ג'ודה,31.234447999999997,35.111137
865,"Abu Jwei'ad, Israel",ChIJ1zOuDvhQAhURjrLJ3n1EoN0,אבו ג'ווייעד,31.180663,35.072843
866,"Abu Qrenat, Israel",ChIJY5T6RwdEAhUR44dPic58ioU,אבו קרינאת,31.103115000000003,34.952003000000005
867,"Abu Qreinat (West to Kseifa), Israel",ChIJ59QdKdJZAhURtbodgkpjbKM,אבו קרינאת מערבית לכסיפה,31.268995,35.03005
868,"Abu Rbei'a, Kseifa, Israel",ChIJt1o8AzdXAhURGF-oU9KnhhM,אבו רביעה,31.230811,35.064209000000005
869,"Abu Rbei'a (North to Kseifa), Israel",ChIJjwPHHohXAhURaq9PQwkE1YI,אבו רביעה צפונית לכסיפה,31.282016,35.039105
870,"El-Jwini, Israel",ChIJB4H1zrRWAhURUjG9ZC4ham8,אל ג'וויני,31.209706,35.108483
871,"El-Ghanami, Israel",ChIJ4aCIYtJWAhURlTxBgUFMboQ,אל ג'נאמי,31.216664,35.093022999999995
872,"Azazme (South to Ramat Khovav), Israel",ChIJZ10VOlxqAhURJ2Tjf_PFQSY,עזאזמה דרומית לרמת חובב,31.098688,34.836807
873,"Azazme (South to Segev Shalom), Israel",ChIJg5sPw6BpAhUR96-Ek4eRqmU,עזאזמה דרומית לשגב שלום,31.16215,34.820190999999994
874,"Azazme (East to Ramat Khovav), Israel",ChIJb0mx3NJrAhURNqkYp742DOk,עזאזמה מזרחית לרמת חובב,31.13089,34.817161
875,"Ramat Hovav, Israel",ChIJzYqA0ehrAhURa9_J8TSkY1Q,רמת חובב,31.135,34.791
876,"Tirabin al-Sana, Israel",ChIJnd_c7qJjAhURfwMDygo5orU,תראבין א צאנה שבט,31.345481,34.739126
877,"Abu Afash, Israel",ChIJ09Jx7nJpAhURIrbrUMy9TuA,אבו עפאש,31.15986,34.808983000000005
878,"El-Jarjawi, Israel",ChIJ0U4WwIJpAhUR1DCtEw91lec,אל ג'רג'אווי,31.147081,34.819719
879,"El-Walidi, Israel",ChIJfeOwTgBpAhUR4x7fFwqYcwY,אל ולידי,31.177992,34.815901000000004
880,"El-Kilab, Israel",ChIJ7WM-RW1qAhURJFGA0RJA3U4,אל כלאב,31.107915000000002,34.850613
881,,,עזאזמה,,
882,"E-Danfiri, Israel",ChIJ3cw1ys1rAhURKU-AcrGDa-o,א דנפירי,31.1277,34.813964
883,Odem,ChIJbfnEO5uwHhURBbuloARYbWE,אודם,33.1933716,35.7495651
884,El-Rum,ChIJD5Tm5fawHhURkzn1D7GP1GA,אל רום,33.180519,35.770095
885,Buq'ata,ChIJUfaP-dmwHhURukOYoO-9fPQ,בוקעתא,33.2026572,35.7767723
886,Majdal Shams,ChIJ0TDKCrq3HhURjbTrrga6zNY,מג'דל שמס,33.2690961,35.772121999999996
887,Mas'ada,ChIJZ7HJ8EW3HhUR_ArPd0Xi-7U,מסעדה,33.2321159,35.755599100000005
888,Neve Ativ,ChIJkb-7idW5HhURRgWJfvEv91M,"נווה אטי""ב",33.26202,35.740574
889,,,נמרוד,,
890,Ein Qiniyye,ChIJnQlh7Pq5HhURKiS1_Ouk9tM,עין קנייא,33.236680199999995,35.731306200000006
891,Geva Binyamin,ChIJy1WRMhErAxURKHK0q4S9aUg,גבע בנימין,31.849999,35.273853
892,Vered Yeriho,ChIJAb-d0SrNHBUR_W6WN8jlNkI,ורד יריחו,31.826192,35.432139
893,Jericho,ChIJZ4X_5mHMHBURu2hWaKQoFIE,יריחו,31.8611058,35.4617583
894,Kohav HaShahar,ChIJq8qlSqbRHBUR4_RK1ynmWn8,כוכב השחר,31.960264000000002,35.349421
895,Kfar Adumim,ChIJpx4gP-UsAxURYJWM62guSYQ,כפר אדומים,31.827215999999996,35.337189
896,Mevo'ot Yericho,ChIJcQkhKd_NHBURBdnLAzJiDe8,מבואות יריחו,31.9074488,35.41555379999999
897,Ma'ale Michmash,ChIJAW4VG1nTHBURzHAo8ai6nLI,מעלה מכמש,31.879131,35.305902
898,Mitzpe Yeriho,ChIJ5yq5L58yAxURLJbFHIRR9ls,מצפה יריחו,31.815688,35.395409
899,,,נועימה,,
900,,,נועימה מחנה פליטים,,
901,,,"נח""ל אלישע",,
902,Ein Al Sultan,ChIJySvEmUfMHBURE1A-Dd7RWcE,עין א סולטאן מחנה פליטים,31.879547,35.447437
903,Almon,ChIJX2xaLnkrAxURHqizy2xKCK0,עלמון,31.832068,35.296764
904,Aqabat Jabr,ChIJY48gBujMHBURkrsN0evOjqY,עקאבת ג'בר מחנה פליטים,31.842048,35.445564000000005
905,Kalya,ChIJ3xs1DO4zAxURAzylOPht7v4,קליה,31.749896000000003,35.466131
906,Rimonim,ChIJw9eR5X3RHBURWdwSyIN4PVw,רימונים,31.93538199999999,35.340494
907,Alon,ChIJowGVSiItAxUR3dloBHp4kDA,אלון,31.833353999999996,35.353557
908,Almog,ChIJyyj7nm4zAxUREQgH4dVXbTA,אלמוג,31.790034000000002,35.461968
909,Beit HaArava,ChIJlVvBxlUzAxURPpUu7m-H2iw,בית הערבה,31.807762,35.476411
910,"Midreshet Ben-Gurion, Israel",ChIJbR5gcWYZAhURjaw3MJRQpQw,מדרשת בן גוריון,30.852296999999997,34.7834
911,"Mitzpe Ramon, Israel",ChIJA1MzKVHxARURoVRS2F1FZWY,מצפה רמון,30.610203000000002,34.801898
912,"Merhav Am, Israel",ChIJna9yai8YAhURZ8eit4kWyHw,מרחב עם,30.888021999999996,34.828175
913,"Sde Boker, Israel",ChIJ4f76tZkZAhURVu7GBXpk4og,שדה בוקר,30.873611,34.793098
914,"Hazeva, Israel",ChIJ6ZtnApPNAxURKCSCuJ3urms,שלווה במדבר,30.7679651,35.27719620000001
915,"Eliakim, Israel",ChIJf1brbOmoHRURogTcrLxpxiI,אליקים,32.633345,35.067613
916,"Jo'ara, Israel",ChIJjV9tzJ6pHRURIVjEZRVfFPI,ג'ועארה,32.599065,35.10861
917,,,גלעד,,
918,"Dalia, Israel",ChIJ-16PrDaoHRURFvjY-Ocuh5c,דליה,32.58925,35.076965
919,"HaZore'a, Israel",ChIJ4T0GL6yuHRURASwrwnzfygo,הזורע,32.644515999999996,35.11918
920,"Yokne'am Moshava, Israel",ChIJBYn5WbuuHRURDW560vK5BYo,יוקנעם,32.655859,35.115152
921,"Yokne'am Illit, Israel",ChIJJ15qpsCuHRURMc9oKvAWfIM,יוקנעם עילית,32.660225,35.104606
922,"Megiddo, Israel",ChIJ88J_5fyqHRURyoHcLLvMOpU,מגידו,32.577899,35.179972
923,"Midrakh Oz, Israel",ChIJoxsHu7GrHRURsH3ZL-BHr6c,מדרך עוז,32.59464800000001,35.157976
924,"Mishmar HaEmek, Israel",ChIJwbOGzcOrHRURF51x9xx7BFk,משמר העמק,32.610063000000004,35.14267299999999
925,"Ein HaEmek, Israel",ChIJmX1zLeCoHRURB98FfU_MqG4,עין העמק,32.629664,35.082246000000005
926,"Ein HaShofet, Israel",ChIJjc5ZSaOpHRURYwmFw26PGU4,עין השופט,32.596810999999995,35.100445
927,Plain of Manasseh,ChIJwVaYMySqHRUR36vtW2snxSc,רמות מנשה,32.583333,35.133333
928,"Ramat HaShofet, Israel",ChIJdx3YCwipHRURdAtj5VUy8OI,רמת השופט,32.609356,35.094079
929,"Dorot, Israel",ChIJm2f_FnyGAhURMR3aoqegjFg,דורות,31.507207,34.645725
930,"Havat Shikmim, Israel",ChIJjYq-cISGAhURwcLwO2UrRHc,חוות שיקמים,31.511275,34.633864
931,"Kibbutz Ruhama, Israel",ChIJtSL_VEqPAhURhRImahCn-ig,רוחמה,31.497378,34.705165
932,"Betzet, Israel",ChIJNQBeqSzSHRURKbk7tTw818c,בצת,33.070046999999995,35.132636
933,"Rosh HaNikra, Israel",ChIJR_MALHDRHRUR59u0L42HvFw,כפר ראש הנקרה,33.086090000000006,35.113455
934,"Liman, Israel",ChIJe7kgFZPRHRURKgwXH1sqsY4,לימן,33.058732,35.111815
935,"Matzuva, Israel",ChIJTVgbuEzSHRURiTjvhvVhaXM,מצובה,33.062312,35.155705
936,"Shlomi, Israel",ChIJJf92CcnTHRURXLU-ncynyNQ,שלומי,33.072609,35.145945000000005
937,"Gesher HaZiv, Israel",ChIJp_vZ1OPRHRUR4t_iBBjYCT0,גשר הזיו,33.040532,35.110563
938,"Nahariyya, Israel",ChIJmawNCR_OHRURFuSwZk6erUw,נהריה,33.0085361,35.098051399999996
939,"Sa'ar, Israel",ChIJRfa74RnOHRURGqSDG3b-zkQ,סער,33.028689,35.109232
940,"Evron, Israel",ChIJKU8H5u3OHRUR5d_ySs3cUB8,עברון,32.991149,35.100031
941,"Shavei Tzion, Israel",ChIJ-RrOp9jOHRURQfSgkzq-OhQ,שבי ציון,32.982079,35.083005
942,"Ben Ami, Israel",ChIJ9XEhRXfOHRURmxPqwd0hbts,בן עמי,33.005369,35.122218
943,"Kabri, Israel",ChIJgXBeZPPNHRURX5EfyWyw5AI,כברי,33.020984999999996,35.147007
944,"Mikhmoret, Israel",ChIJae99zlATHRURRQZECm3WqaY,מכמורת,32.406504,34.871551000000004
945,"Ne'urim, Rishon LeTsiyon, Israel",ChIJgw7dtlO0AhUR1NLoy88aqdo,נעורים,31.9739,34.814382
946,"Ein HaHoresh, Israel",ChIJWcNec_oTHRURrcBKBmUEm8Y,עין החורש,32.385871,34.939994
947,Israel,ChIJ_4rhMJQPHRUR_J_KB5O6WGg,גבעת חביבה,32.457665000000006,35.020061
948,"Gan Shmuel, Israel",ChIJZzmMxwESHRURs6P6Ak-3mCg,גן שמואל,32.452911,34.949311
949,"Maor, Israel",ChIJq2EDhzAQHRURAnXqX0Rth6Y,מאור,32.425832,35.005289000000005
950,"Ma'anit, Israel",ChIJAYcsx5EPHRUR18XZLrMzGZc,מענית,32.457992,35.026573
951,"Sde Yitzhak, Israel",ChIJtQMo-aoRHRUR41YbJIpbY-M,שדה יצחק,32.404959000000005,34.992168
952,"כביש 6403, שער מנשה, Israel",ChIJUcjTqMEPHRURv_3QcIeHELc,שער מנשה,32.4438777,35.0109759
953,"Talmei Elazar, Israel",ChIJGX0Pm98RHRURo2glNFSmcgE,תלמי אלעזר,32.447228,34.974990999999996
954,"Kfar Haroeh, Israel",ChIJfcfs3oATHRUR1Xjyio_F7Ck,"כפר הרא""ה",32.391037,34.910917
955,"Kfar Vitkin, Israel",ChIJkcIZcbgUHRURXBVrN4lnHqg,כפר ויתקין,32.380541,34.875308000000004
956,"Mevo'ot Yam, Israel",ChIJ4ThqFKoUHRURtrY-t1-meXM,מבואות ים,32.401697,34.866797
957,"Yanuv, Israel",ChIJ-fJcFwgWHRUR0g3Rof9e8mg,ינוב,32.307431,34.951384000000004
958,"Kfar Yona, Israel",ChIJD17g5OsVHRURwv7p-J62EKE,כפר יונה,32.317719,34.933615
959,"Kfar Monash, Israel",ChIJMVxObK0VHRUR-l8f6y9nQNI,כפר מונש,32.345607,34.916426
960,"Nitzanei Oz, Israel",ChIJH7xp3rAXHRURqVIdwZAltBg,ניצני עוז,32.306084000000006,35.003278
961,"Olesh, Israel",ChIJBVcNQfoWHRURIsBlExifwVY,עולש,32.331969,34.985321000000006
962,"Tnuvot, Israel",ChIJMzkDzxEWHRURSgDt-l7Xww8,תנובות,32.305863,34.962586
963,"Elyakhin, Israel",ChIJSd3a6L4THRURnkR_mKPNhy4,אליכין,32.407659,34.925028000000005
964,"Elyashiv, Israel",ChIJQyLF3HwUHRURKHFWOIU0frA,אלישיב,32.380196000000005,34.909945
965,"Beit Hazon, Israel",ChIJk72cuXgUHRURU8-F21lM-Pw,בית חזון,32.387178000000006,34.91291
966,"Beit Herut, Israel",ChIJe6NbA8YUHRURHmENZqKGSQs,בית חרות,32.376222999999996,34.873765
967,"Beit Yanai, Israel",ChIJw-UQ3MoUHRURpP40FsLB4kc,בית ינאי,32.381729,34.863507
968,"Geulei Teiman, Israel",ChIJ9VA9AIIUHRURmcOo1b8ruY0,גאולי תימן,32.391837,34.900989
969,"Givat Haim, Israel",ChIJI5uO9esTHRURp_dzMmGO7WU,גבעת חיים איחוד,32.396745,34.932978000000006
970,"Givat Haim, Israel",ChIJ4QDkuvITHRURb4NvO_HBPnk,גבעת חיים מאוחד,32.392148,34.929446999999996
971,"Hogla, Israel",ChIJ6T9N8osTHRURnMeejfQ75Kk,חגלה,32.389070000000004,34.924252
972,"Hofit, Israel",ChIJ61tbBboUHRURUXCLp_QFk_Y,חופית,32.386082,34.874078000000004
973,"Hibat Tzion, Israel",ChIJx71cVoMTHRURx0NqbrnkyZ0,חיבת ציון,32.397995,34.911931
974,"Herev Le'et, Israel",ChIJI69s2pkTHRUR7_13LC4Uv6s,חרב לאת,32.403526,34.917146
975,"Ometz, Israel",ChIJV3HsvikRHRURKvzLdPY5JsA,אומץ,32.369215999999994,34.993128999999996
976,"Ahituv, Israel",ChIJu-l6lx4RHRUR0blMzoQL2NQ,אחיטוב,32.387701,34.990826
977,"Baqa al-Gharbiyye, Israel",ChIJ0a9C2QYQHRURHyCqqfb7bIM,באקה אל ע'רביה,32.422891,35.035764
978,"Baqa-Jatt, Baqa al-Gharbiyye, Israel",ChIJ01WQh5gaHRURtQUg-Khh0tk,באקה ג'ת,32.4045594,35.047090999999995
979,"Bahan, Israel",ChIJxRyFW0oXHRURc1FnRnVyvNU,בחן,32.351831,35.018542
980,"Jat, Israel",ChIJ7wUMrXkQHRURHPVO3_nFGvk,ג'ת,32.39693,35.035914
981,"HaMa'apil, Israel",ChIJczrJ0DoRHRUR19_IwjSwl4M,המעפיל,32.378035,34.983146000000005
982,"Kalat Zeita St, Baqa al-Gharbiyye, Israel",ChIJt9ZE8gkQHRURrJpn6PaNC3o,זיתא ליד באקה אל ע'רביה,32.4130473,35.038284600000004
983,,,זמר,,
984,"Lehavot Haviva, Israel",ChIJtb2q3fUQHRURpBcvGlgsvZ4,להבות חביבה,32.395216,35.011790000000005
985,"Magal, Israel",ChIJ9bVqp4EQHRURmxUI94s-qf8,מגל,32.385556,35.036147
986,"Meiser, Israel",ChIJmY86SF4FHRURAn7kC8hNDXs,מייסר,32.445246000000004,35.042131
987,"Metzer, Israel",ChIJQ7i4hFwFHRURCgJqGiDnVnU,מצר,32.440186,35.047702
988,Nazlet Isa,ChIJQeHwPbYaHRURVF7jAsMOiko,נזלת עיסא,32.414832000000004,35.05986
989,"Be'erotayim, Israel",ChIJAa6aAVoWHRUR7pv-5i1T5qU,בארותיים,32.321039,34.98343
990,"Burgata, Israel",ChIJUXbz8mQWHRURNjpkv5mwbng,בורגתה,32.325972,34.963848
991,"Beit HaLevi, Israel",ChIJZ5QkljcUHRUR61yX9yUO6zw,בית הלוי,32.351596,34.930443
992,"Bat Hefer, Israel",ChIJc_xxVBQXHRURHlUqhrfedpc,בת חפר,32.333714,35.013729
993,"Gan Yoshiya, Israel",ChIJFXZDoCcXHRURWe9NHeRAGSg,גן יאשיה,32.349486999999996,34.996245
994,"HaOgen, Israel",ChIJbeXoVkEUHRURD6-DKPxQrCs,העוגן,32.360437,34.923338
995,"Haniel, Israel",ChIJm0ZlLNQVHRUR9DN9febuNpA,חניאל,32.332803000000006,34.947693
996,"Yad Hana, Israel",ChIJz7bObg8XHRUR9baNISW9BKE,יד חנה,32.325311,35.006692
997,"Avihayil, Israel",ChIJS_HZMDAVHRURNoGX_HXnxAM,אביחיל,32.350708000000004,34.871229
998,"Beit Yitzhak-Sha'ar Hefer, Israel",ChIJp1x-UWsVHRUREAGx0nm-_xY,בית יצחק שער חפר,32.33558,34.8895
999,"Bitan Aharon, Israel",ChIJC1mU89YUHRURA3eBKXUfUQ0,ביתן אהרן,32.364928000000006,34.86956
1000,"Bat Hen, Israel",ChIJh-MOFCgVHRURgStheaKK6hk,בת חן,32.360194,34.872388
1001,"Givat Shapira, Israel",ChIJ_SuprCcVHRURQkrIHNZI2hE,גבעת שפירא,32.35763,34.875845
1002,"Ganot Hadar, Israel",ChIJafajHHoVHRURtIeLbA7lhfo,גנות הדר,32.321740000000005,34.900715000000005
1003,"Hadar Am, Israel",ChIJ29hNpQMVHRURcYh1VVV70rM,הדר עם,32.349653,34.898945
1004,"Havatzelet HaSharon, Israel",ChIJm_HAsNRqHRURGzSafklTN78,חבצלת השרון,32.3604,34.861819
1005,"Kfar Haim, Israel",ChIJ-1lZ2f0UHRURN0Hs1Ve57MA,כפר חיים,32.353857,34.900709000000006
1006,"Kfar Yedidia, Israel",ChIJOfjGsQUVHRURp8p_crNEK2M,כפר ידידיה,32.344902000000005,34.899038
1007,"Ma'abarot, Haifa, Israel",ChIJ8YvhPQW7HRURr7wjLA5csOs,מעברות,32.7927745,34.9853634
1008,"Mishmar HaSharon kibbutz, Israel",ChIJaVG60_gUHRURT1y9mQlkap0,משמר השרון,32.356305,34.904256
1009,"Nordia, Israel",ChIJRc6LQX0VHRURQS3_7zr19n8,נורדיה,32.314656,34.896792
1010,"Netanya, Israel",ChIJ1XXAkwRAHRURIj88VL6V2Sw,נתניה,32.321458,34.853196000000004
1011,"Tzukei Yam, Israel",ChIJw202jNNqHRURmxAFwLRMnPU,צוקי ים,32.360122,34.858542
1012,"Shoshanat HaAmakim, Israel",ChIJU7lsdc5qHRURL5CxKVRldhs,שושנת העמקים,32.354794,34.856814
1013,"al-Nawaqir, Israel",ChIJ8wp-3qzUHRURgQttwTVM_vM,א נוואקיר,33.090788,35.213638
1014,"Adamit, Israel",ChIJNYLT31PTHRURPDSQInZ6IMM,אדמית,33.078842,35.209509999999995
1015,"Adamit, Israel",ChIJNYLT31PTHRURPDSQInZ6IMM,אידמית,33.078842,35.209509999999995
1016,"Eilon, Israel",ChIJB7CG87UsHBURs50TBRGKFkc,אילון,33.062526,35.219162
1017,"Jordeikh, Israel",ChIJCXZAQEkrHBURUIYMCOF5bM0,ג'ורדיח,33.097041,35.221621999999996
1018,"Goren, Israel",ChIJ6xNP-sAsHBUR1XPCbG963CA,גורן,33.055566,35.233619
1019,"Gornot HaGalil, Israel",ChIJYUz8To4sHBURH0BDKKLgZRk,גורנות הגליל,33.059286,35.24967
1020,"Hanita, Israel",ChIJhVShM3jTHRURmtvnwACrodg,חניתה,33.087634,35.173429999999996
1021,"Ya'ara, Israel",ChIJRzM-4BPTHRURJ-0AOv-jKk8,יערה,33.068013,35.18608
1022,"Arab al-Aramshe, Israel",ChIJTX9C1EQrHBURVd00KF5A_7s,עראמשה,33.088834000000006,35.228839
1023,alZa'im,ChIJyyHmJXcpAxURcX7bouFT5zA,א זעיים,31.787701000000002,35.263531
1024,Abu Dis,ChIJgy09kqopAxURL_4talKgMtY,אבו דיס,31.763582,35.257721999999994
1025,alWalaja,ChIJhfcu67nZAhUR2jviAW7X8Ak,אל ולג'ה,31.729394,35.15853
1026,Bir Nabala,ChIJu71tWZrVAhURbZ_h0Wap0nc,ביר נבאלה,31.85118199999999,35.200835
1027,Bayt Iksa,ChIJrZDwznrWAhUR4d8Zmn4Sj8o,בית איכסא,31.816677000000002,35.180006
1028,"Beit Hanina, Jerusalem",ChIJ6zh2ZQ0qAxURTzXc36TdmVM,בית חנינא,31.830131,35.225204999999995
1029,Dayr Kirmizan,ChIJlwLK6ErYAhUR2ABllSyOz9A,דיר כרמיזן,31.727103999999997,35.172569
1030,Hizma,ChIJw8h9xqsrAxUR1IHJGopDCnc,חיזמא,31.836461,35.263231
1031,"Jerusalem, Israel",ChIJS_zBNNbXAhURy-FuRT5ib9k,ירושלים,31.768319,35.21371
1032,Anata,ChIJDe26Wc0rAxURwDeqn97ge9w,ענאתא,31.811201,35.259602
1033,"Ramat Rachel, Israel",ChIJa6M-7QMoAxURE-5Td8mK8Ok,רמת רחל,31.7403163,35.2178825
1034,"Sha'ar HaNegev Regional Council, Israel",ChIJL_ek8a2GAhURlD_wVZ2rNuA,מועצה אזורית שער הנגב,31.50772569999999,34.63033720000001
1035,Gaza,ChIJZydUTgV__RQRkmMEE8mN-X8,הופעלה בישוב בעוטף עזה- ככה''נ איכון שווא,31.5016951,34.4668445
1036,"Hof Ashkelon, Israel",ChIJFQvBenucAhURMLT4jgMQoe4,מועצה אזורית חוף אשקלון,31.6214381,34.6192702
1037,"Hof Ashkelon, Israel",ChIJFQvBenucAhURMLT4jgMQoe4,חוף אשקלון,31.6214381,34.6192702
1038,"HaEshkol St, Karmia, Israel",ChIJnYrZId2CAhURGHQ__4a8pP8,מועצה אזורית חוף אשקלון - האשכול הקודם נדפק,31.607317499999997,34.5431666
1039,"Netiv HaAsara, Israel",ChIJGT38s0WCAhUR5NddCNuNya0,נתי העשרה - עאללללק הפסקת אש,31.572407000000002,34.539322
1040,"Nahal Oz, Israel",ChIJ369MrASA_RQRJYNKPc4SgLY,נחל עוז אלומים,31.47267999999999,34.497675
1041,"Sdot Negev Regional Council, Israel",ChIJzzK2oWd-AhURg_9xXGt9pJE,מועצה אזורית שדות נגב,31.414448200000002,34.5417619
1042,"Sha'ar HaNegev Regional Council, Israel",ChIJL_ek8a2GAhURlD_wVZ2rNuA,שער הנגב,31.50772569999999,34.63033720000001
1043,"Azrikam, Israel",ChIJh0ogEU-9AhURHTo58ZNi7SE,כנות בית עזרא עזריקם שתולים,31.751695,34.694818
1044,"Be'er Tuvia Regional Council, Israel",ChIJ3x3Cghy9AhURUxie6eaLD6Y,מועצה אזורית באר טוביה,31.766666999999998,34.71666700000001
1045,"Gederot Regional Council, Israel",ChIJt0VQyb27AhURzB3c1ov9RE8,גדרות,31.830759000000004,34.7354031
1046,"Hevel Yavne Regional Council, Israel",ChIJKS8jED26AhURk0sbeFSdR-4,חבל יבנה,31.855999999999998,34.760999999999996
1047,"Ashdod Ad Halom, Ashdod, Israel",ChIJX227TcKiAhURyGsKom7zuZ8,אשדוד עד הלום בני דרום,31.774061,34.666059000000004
1048,"Be'er Tuvia, Israel",ChIJJwZZlnm9AhURahAgUgYbWas,אר טוביה,31.737127,34.725570000000005
1049,"Kiryat Malakhi, Israel",ChIJCTdn0I29AhURJQjYgjPeeyg,קריית מלאכי,31.730202000000002,34.746996
1050,,,יואב,,
1051,"Hof Ashkelon, Israel",ChIJFQvBenucAhURMLT4jgMQoe4,חוף אשקלון - תחי מדינת ישראל,31.6214381,34.6192702
1052,,,חבל שלוןם,,
1053,"Kerem Shalom, Israel",ChIJYbENsimT_RQRRKPpPAAObOY,כרם שלום נתיב העשרה,31.228281,34.284559
1054,"Hof Ashkelon, Israel",ChIJFQvBenucAhURMLT4jgMQoe4,חוף אשקלון - מטח,31.6214381,34.6192702
1055,,,חבל שלום,,
1056,"Kerem Shalom, Israel",ChIJYbENsimT_RQRRKPpPAAObOY,אספקת אש!!! כרם שלום,31.228281,34.284559
1057,,,אספקת אש,,
1058,"Eshkol Regional Council, Israel",ChIJj7jy5GGJ_RQRimzaLgX8qf4,אשכול,31.206808399999996,34.4641848
1059,"Merhavim Regional Council, Israel",ChIJPWnESOmHAhURjHqOHuSvnLc,מועצה אזוריתמרחבים,31.313839399999996,34.57498820000001
1060,,,''ש,,
1061,"דרך חברון 40 באר שבע, Be'er Sheva, Israel",ChIJDXWYVjhmAhURScrnXu3jkfk,אספקת אש! באר שבע,31.2411191,34.804714000000004
1062,"Yoshivia, Israel",ChIJG0s3BViHAhURzpmi-jycU1M,יושבייה,31.444699,34.608784
1063,"Bnei Ayish, Israel",ChIJTxdMWw68AhURb-TkcODRnZk,גן יבנה בני עייש,31.790235,34.759291
1064,,,ש,,
1065,"Tifrah, Israel",ChIJN6-mnUl7AhURn5Yr4B6hE2w,תפרח שניה,31.324471000000003,34.679235999999996
1066,"Be'er Sheva, Israel",ChIJwWsnP_FmAhURquRMnDt7jfM,באר שבע ז,31.2698223,34.803243200000004
1067,"Abu Basma Regional Council, Israel",ChIJg_b4eaJjAhURGlI2DJ1jRjM,מועצה אזורית אבו בסמה,31.2582386,34.96719829999999
1068,"Bnei Shimon Regional Council, Israel",ChIJ15ftqcdiAhURC46uyn-xspk,ני שמעון,31.3927762,34.8403408
1069,"Kibuts Galuyot St 27, Ashkelon, Israel",ChIJu-bnQFqcAhUR7rZJideKUCE,א.ת. אשקלון,31.6644157,34.565553799999996
1070,"Hof Ashkelon, Israel",ChIJFQvBenucAhURMLT4jgMQoe4,מועצה אזורית חוף אשקלון יציאות נוספות - מטח,31.6214381,34.6192702
1071,"Sha'ar HaNegev Regional Council, Israel",ChIJL_ek8a2GAhURlD_wVZ2rNuA,: מועצה אזורית שער הנגב,31.50772569999999,34.63033720000001
1072,"Sdot Negev Regional Council, Israel",ChIJzzK2oWd-AhURg_9xXGt9pJE,שדות נגב,31.414448200000002,34.5417619
1073,"Kissufim, Israel",ChIJbdrJcseF_RQRQVlt4PQ_GoU,מכיסופים,31.374545,34.398992
1074,"Peduim, Israel",ChIJC7O4QMx7AhUR8EjO38Vtttk,פדוים,31.326275,34.612069
1075,"Ashkelon, Israel",ChIJKfbwy9icAhURYixjv5ZVHzc,אזור תעשיה אשקלון,31.636089000000002,34.554534999999994
1076,"Brenner Regional Council, Israel",ChIJc_upE-q5AhURXnsoTRIHvtc,מועצה אזורית ברנר,31.8602669,34.785126399999996
1077,Nahal Sorek,ChIJWX4GA5OwAhUR0AdTSHYolQ4,נחל שורק,31.8522341,34.9502489
1078,,,נשמעו 3 פיצוצים,,
1079,"Kiryat Malakhi, Israel",ChIJCTdn0I29AhURJQjYgjPeeyg,קרית מלאכי גן יבנה באר טוביה,31.730202000000002,34.746996
1080,"Merhavim Regional Council, Israel",ChIJPWnESOmHAhURjHqOHuSvnLc,מרחבים,31.313839399999996,34.57498820000001
1081,"Ashdod, Israel",ChIJ7-RHdRGjAhURL2OGWhptgJc,נוספת באשדוד,31.804381,34.655314000000004
1082,"Ashdod, Israel",ChIJ7-RHdRGjAhURL2OGWhptgJc,שוב אשדוד,31.804381,34.655314000000004
1083,"Sha'ar HaNegev Regional Council, Israel",ChIJL_ek8a2GAhURlD_wVZ2rNuA,: שער הנגב,31.50772569999999,34.63033720000001
1084,,,רנר,,
1085,"Alexander River National Park, Beit Yanai, Israel",ChIJw-UQ3MoUHRUR0awiSZRSTQQ,נחל,32.395618,34.868194
1086,"Gedera, Israel",ChIJ01avgGW5AhURMUaFg-ORCIk,גדרה מועצה אזורית נחל סורק,31.812301399999996,34.77701920000001
1087,"Tzohar, Israel",ChIJ9_oCvoyL_RQR66SU1DeqV5Y,ישובי צוחר,31.237170000000003,34.426444000000004
1088,"Bnei Shimon Regional Council, Israel",ChIJ15ftqcdiAhURC46uyn-xspk,מועצה אזורית בני שמעון,31.3927762,34.8403408
1089,"Be'er Sheva, Israel",ChIJd4efAkBmAhUR2F3rLQHo3gg,אר שבע,31.252972999999997,34.791462
1090,"Merhavim Regional Council, Israel",ChIJPWnESOmHAhURjHqOHuSvnLc,מועצה אזורית מרחבים,31.313839399999996,34.57498820000001
1091,"Gan Raveh Regional Council, Israel",ChIJkST4u_WwAhUREdiTFdHFeKI,מועצה אזורית גן רווה,31.9172636,34.7464552
1092,"Rishon LeTsiyon, Israel",ChIJ_2arJzi0AhURuHoaV0rFvBc,ראשון,31.973001500000002,34.7925013
1093,"Hevel Yavne Regional Council, Israel",ChIJKS8jED26AhURk0sbeFSdR-4,מועצה אזורית חבל יבנה,31.855999999999998,34.760999999999996
1094,"Hatserim Forest, Israel",ChIJvVy-P5tvAhURYDHR3ww7ZfE,אזור חצרים,31.237183,34.722871999999995
1095,,,ארי,,
1096,"Tze'elim, Israel",ChIJ15tqqL91AhURfwoNkIoyByE,צאלים!,31.203909000000003,34.533359000000004
1097,"Eshkol Regional Council, Israel",ChIJj7jy5GGJ_RQRimzaLgX8qf4,מועצה אזורית אשכול - מטח,31.206808399999996,34.4641848
1098,"Givolim, Israel",ChIJZyxx25x-AhUR9kZkg3H3_hM,אשל הנשיא גבעולים,31.397603999999998,34.593821000000005
1099,"Ashkelon, Israel",ChIJKfbwy9icAhURYixjv5ZVHzc,איזור תעשייה הדרומי אשקלון,31.636089000000002,34.554534999999994
1100,Ma'ale Adumim,ChIJk_sscakuAxURGL1i9kMPn7Y,מעלה אדומים ירושלים,31.777369,35.297955
1101,"Yerushalayim St, Azor, Israel",ChIJ24QzuDZLHRURR5o7-5qkj6Y,אזור ירושלים,32.030995000000004,34.801001
1102,"Eshel HaNasi, Israel",ChIJhwlzTqVkAhURVWcLV1V_FmM,אשל הנשיא,31.326828000000003,34.697497
1103,"Netivot, Israel",ChIJK-qF2HV-AhURarqClNndXp4,המשך ל בנתיבות בשעה : רקטה פגעה ישירות במבנה,31.423196,34.595254
1104,"Netivot, Israel",ChIJK-qF2HV-AhURarqClNndXp4,מרחב נתיבות,31.423196,34.595254
1105,"Sdei Avraham, Israel",ChIJN90OuVaN_RQRaqBNlRNAZzA,שדה אברהם,31.211594,34.335692
1106,,,חלוצית,,
1107,"Kiryat Gat, Israel",ChIJO6bnsmaRAhUR_WhTM9BYac8,נשמע פיצוץ חזק באזור קריית גת לא הייתה,31.611147999999996,34.768459
1108,"Kiryat Gat, Israel",ChIJO6bnsmaRAhUR_WhTM9BYac8,קריית גת,31.611147999999996,34.768459
1109,,,רון אנקרי: בבאר שבע,,
1110,"Nir Yitzhak, Israel",ChIJE_-IfgeN_RQRONT-ps78SU4,כימדע,31.245719,34.377101
1111,"Bnei Ayish, Israel",ChIJTxdMWw68AhURb-TkcODRnZk,בני עיש,31.790235,34.759291
1112,"Hatsor Ashdod, Israel",ChIJXbiuL_28AhUR6lVC6tmcgwY,חצור האשדודית,31.772744,34.719366
1113,"Ami'oz, Israel",ChIJ7ewJuQ6M_RQRf9-1cuu4FXQ,עמי עוז,31.248463,34.413404
1114,"Tel Aviv-Yafo, Israel",ChIJH3w7GaZMHRURkD-WwKJy-8E,תל אביב,32.0852999,34.78176759999999
1115,"Kfar Silver, Israel",ChIJ0wswuOWbAhUR_aMl7YbymjI,כבר סילבר,31.675669,34.612311
1116,"Beit Shikma, Israel",ChIJQxDT7nCbAhUR98Bu0H2KCQo,בית שקמה,31.637735,34.610074
1117,,,אלומים,,
